Price,Adj Close,Close,High,Low,Open,Volume
Ticker,2454.TW,2454.TW,2454.TW,2454.TW,2454.TW,2454.TW
Date,,,,,,
2021-08-11,667.4083862304688,910.0,916.0,906.0,913.0,4502303
2021-08-12,663.0078735351562,904.0,923.0,901.0,923.0,4215356
2021-08-13,667.4083862304688,910.0,916.0,901.0,909.0,4646391
2021-08-16,660.8076171875,901.0,918.0,900.0,910.0,3692905
2021-08-17,660.8076171875,901.0,901.0,901.0,901.0,0
2021-08-18,668.875244140625,912.0,912.0,865.0,870.0,6008564
2021-08-19,651.273193359375,888.0,914.0,882.0,908.0,5483659
2021-08-20,640.27197265625,873.0,904.0,870.0,899.0,5459224
2021-08-23,668.141845703125,911.0,915.0,882.0,882.0,5262045
2021-08-24,666.6749267578125,909.0,920.0,903.0,920.0,2822689
2021-08-25,668.141845703125,911.0,915.0,900.0,915.0,3927236
2021-08-26,651.273193359375,888.0,907.0,870.0,906.0,9234116
2021-08-27,657.140625,896.0,896.0,873.0,873.0,5490911
2021-08-30,668.875244140625,912.0,912.0,898.0,902.0,4109689
2021-08-31,660.8076171875,901.0,917.0,885.0,917.0,7520536
2021-09-01,679.8765258789062,927.0,930.0,906.0,917.0,9142513
2021-09-02,684.2769165039062,933.0,945.0,927.0,930.0,5703535
2021-09-03,674.0092163085938,919.0,938.0,917.0,938.0,5908319
2021-09-06,657.140625,896.0,917.0,895.0,907.0,8142260
2021-09-07,662.2744750976562,903.0,907.0,897.0,901.0,3726008
2021-09-08,668.875244140625,912.0,914.0,895.0,899.0,4347700
2021-09-09,660.8076171875,901.0,908.0,898.0,903.0,6296716
2021-09-10,678.40966796875,925.0,925.0,902.0,903.0,4767470
2021-09-13,679.8765258789062,927.0,932.0,918.0,918.0,2943072
2021-09-14,694.5447998046875,947.0,949.0,932.0,932.0,8030381
2021-09-15,685.7438354492188,935.0,945.0,928.0,943.0,5098265
2021-09-16,686.4772338867188,936.0,936.0,926.0,930.0,2831392
2021-09-17,689.4109497070312,940.0,952.0,936.0,940.0,7222343
2021-09-22,668.141845703125,911.0,925.0,900.0,918.0,8331836
2021-09-23,671.0753784179688,915.0,921.0,905.0,919.0,5235288
2021-09-24,674.7424926757812,920.0,923.0,912.0,918.0,4824937
2021-09-27,703.345703125,959.0,959.0,921.0,921.0,10615379
2021-09-28,701.87890625,957.0,969.0,945.0,959.0,7201265
2021-09-29,669.608642578125,913.0,943.0,913.0,940.0,8299794
2021-09-30,663.7412719726562,905.0,915.0,896.0,913.0,7633321
2021-10-01,649.072998046875,885.0,905.0,882.0,905.0,6270815
2021-10-04,654.2069091796875,892.0,899.0,878.0,892.0,4562934
2021-10-05,635.87158203125,867.0,878.0,855.0,872.0,8653551
2021-10-06,638.8051147460938,871.0,890.0,871.0,875.0,5342508
2021-10-07,668.141845703125,911.0,914.0,883.0,885.0,6379657
2021-10-08,667.4083862304688,910.0,925.0,906.0,919.0,4246459
2021-10-12,650.5399169921875,887.0,908.0,885.0,907.0,6289120
2021-10-13,632.2044067382812,862.0,893.0,862.0,891.0,5526679
2021-10-14,616.0693359375,840.0,873.0,839.0,870.0,8578196
2021-10-15,628.537353515625,857.0,859.0,847.0,853.0,6129997
2021-10-18,635.87158203125,867.0,878.0,860.0,862.0,5973592
2021-10-19,658.607421875,898.0,900.0,872.0,877.0,5917354
2021-10-20,660.8076171875,901.0,918.0,901.0,910.0,4486883
2021-10-21,669.608642578125,913.0,924.0,903.0,912.0,5875235
2021-10-22,679.14306640625,926.0,926.0,906.0,913.0,4483378
2021-10-25,687.9440307617188,938.0,944.0,916.0,928.0,5129397
2021-10-26,693.8113403320312,946.0,952.0,940.0,951.0,6282515
2021-10-27,690.8776245117188,942.0,958.0,932.0,949.0,7944259
2021-10-28,686.4772338867188,936.0,947.0,927.0,942.0,3776228
2021-10-29,669.608642578125,913.0,939.0,913.0,938.0,5373611
2021-11-01,676.2094116210938,922.0,930.0,917.0,925.0,2927412
2021-11-02,680.60986328125,928.0,934.0,919.0,929.0,2920555
2021-11-03,683.5436401367188,932.0,939.0,929.0,934.0,3049201
2021-11-04,680.60986328125,928.0,945.0,926.0,945.0,2340539
2021-11-05,689.4109497070312,940.0,940.0,927.0,939.0,3449046
2021-11-08,718.7474975585938,980.0,983.0,944.0,947.0,10466167
2021-11-09,717.2806396484375,978.0,1000.0,976.0,1000.0,6868045
2021-11-10,702.6123657226562,958.0,978.0,958.0,972.0,3495810
2021-11-11,699.6786499023438,954.0,960.0,936.0,936.0,3783645
2021-11-12,720.9476928710938,983.0,988.0,956.0,964.0,4282008
2021-11-15,751.751220703125,1025.0,1035.0,1000.0,1010.0,11093470
2021-11-16,759.0853881835938,1035.0,1045.0,1010.0,1025.0,5633120
2021-11-17,755.4182739257812,1030.0,1075.0,1020.0,1060.0,6797429
2021-11-18,795.7561645507812,1085.0,1100.0,1050.0,1060.0,12481999
2021-11-19,799.4232177734375,1090.0,1120.0,1060.0,1115.0,9960213
2021-11-22,792.0889892578125,1080.0,1110.0,1080.0,1100.0,4887612
2021-11-23,773.753662109375,1055.0,1090.0,1050.0,1070.0,6036742
2021-11-24,762.7525634765625,1040.0,1060.0,1025.0,1045.0,4207454
2021-11-25,759.0853881835938,1035.0,1055.0,1020.0,1045.0,2988005
2021-11-26,737.0830078125,1005.0,1025.0,996.0,1020.0,4249254
2021-11-29,755.4182739257812,1030.0,1030.0,991.0,998.0,3787113
2021-11-30,740.75,1010.0,1060.0,1010.0,1050.0,8133035
2021-12-01,781.0877685546875,1065.0,1070.0,1010.0,1020.0,6353875
2021-12-02,792.0889892578125,1080.0,1085.0,1040.0,1045.0,7112276
2021-12-03,777.4207763671875,1060.0,1090.0,1055.0,1080.0,4662507
2021-12-06,795.7561645507812,1085.0,1085.0,1040.0,1060.0,4605648
2021-12-07,781.0877685546875,1065.0,1080.0,1050.0,1060.0,6117755
2021-12-08,803.09033203125,1095.0,1110.0,1080.0,1085.0,7323171
2021-12-09,795.7561645507812,1085.0,1100.0,1075.0,1095.0,2463930
2021-12-10,788.4220581054688,1075.0,1085.0,1065.0,1075.0,2943248
2021-12-13,788.4220581054688,1075.0,1095.0,1070.0,1070.0,3276917
2021-12-14,784.7550048828125,1070.0,1075.0,1050.0,1070.0,4130770
2021-12-15,777.4207763671875,1060.0,1075.0,1045.0,1065.0,2981924
2021-12-16,799.4232177734375,1090.0,1090.0,1075.0,1085.0,3810497
2021-12-17,788.4220581054688,1075.0,1095.0,1070.0,1075.0,4197118
2021-12-20,773.753662109375,1055.0,1075.0,1055.0,1070.0,3226773
2021-12-21,799.4232177734375,1090.0,1110.0,1070.0,1110.0,4406508
2021-12-22,795.7561645507812,1085.0,1095.0,1080.0,1095.0,1329910
2021-12-23,803.09033203125,1095.0,1105.0,1085.0,1090.0,2693726
2021-12-24,821.4257202148438,1120.0,1130.0,1095.0,1100.0,4983433
2021-12-27,839.7610473632812,1145.0,1185.0,1120.0,1125.0,8440835
2021-12-28,861.763671875,1175.0,1180.0,1155.0,1160.0,4928695
2021-12-29,869.0977172851562,1185.0,1200.0,1170.0,1180.0,5074409
2021-12-30,872.7648315429688,1190.0,1200.0,1175.0,1200.0,3809725
2022-01-03,843.4282836914062,1150.0,1215.0,1145.0,1205.0,7374387
2022-01-04,854.4293823242188,1165.0,1175.0,1145.0,1165.0,6688764
2022-01-05,861.763671875,1175.0,1190.0,1150.0,1170.0,7020406
2022-01-06,832.427001953125,1135.0,1155.0,1110.0,1150.0,8129690
2022-01-07,806.7575073242188,1100.0,1145.0,1090.0,1130.0,8258414
2022-01-10,803.09033203125,1095.0,1095.0,1070.0,1080.0,7069419
2022-01-11,792.0889892578125,1080.0,1095.0,1065.0,1090.0,4406422
2022-01-12,795.7561645507812,1085.0,1095.0,1070.0,1095.0,3016339
2022-01-13,806.7575073242188,1100.0,1110.0,1085.0,1090.0,5047874
2022-01-14,781.0877685546875,1065.0,1090.0,1055.0,1090.0,5581491
2022-01-17,817.7586059570312,1115.0,1120.0,1070.0,1075.0,5457933
2022-01-18,810.4244384765625,1105.0,1145.0,1105.0,1110.0,4858889
2022-01-19,806.7575073242188,1100.0,1120.0,1090.0,1095.0,4742173
2022-01-20,799.4232177734375,1090.0,1110.0,1070.0,1105.0,5235983
2022-01-21,784.7550048828125,1070.0,1080.0,1055.0,1060.0,5844178
2022-01-24,799.4232177734375,1090.0,1090.0,1050.0,1060.0,5048568
2022-01-25,795.7561645507812,1085.0,1090.0,1070.0,1080.0,4466066
2022-01-26,788.4220581054688,1075.0,1095.0,1070.0,1070.0,5129604
2022-02-07,806.7575073242188,1100.0,1130.0,1075.0,1130.0,18787872
2022-02-08,803.09033203125,1095.0,1125.0,1090.0,1125.0,8746495
2022-02-09,828.7598266601562,1130.0,1135.0,1095.0,1125.0,7950712
2022-02-10,850.7623291015625,1160.0,1165.0,1125.0,1140.0,8574392
2022-02-11,843.4282836914062,1150.0,1170.0,1145.0,1150.0,4989740
2022-02-14,810.4244384765625,1105.0,1125.0,1100.0,1120.0,5433143
2022-02-15,806.7575073242188,1100.0,1120.0,1090.0,1110.0,3248639
2022-02-16,828.7598266601562,1130.0,1130.0,1115.0,1130.0,2903544
2022-02-17,828.7598266601562,1130.0,1135.0,1120.0,1130.0,3007009
2022-02-18,821.4257202148438,1120.0,1125.0,1105.0,1115.0,2500405
2022-02-21,828.7598266601562,1130.0,1135.0,1110.0,1115.0,3088278
2022-02-22,814.0916137695312,1110.0,1120.0,1090.0,1115.0,4745273
2022-02-23,821.4257202148438,1120.0,1120.0,1100.0,1110.0,3540429
2022-02-24,777.4207763671875,1060.0,1105.0,1055.0,1095.0,7867454
2022-02-25,795.7561645507812,1085.0,1095.0,1060.0,1075.0,7091202
2022-03-01,806.7575073242188,1100.0,1120.0,1095.0,1105.0,5420606
2022-03-02,792.0889892578125,1080.0,1105.0,1070.0,1105.0,3632197
2022-03-03,792.0889892578125,1080.0,1100.0,1065.0,1085.0,3799148
2022-03-04,751.751220703125,1025.0,1060.0,1025.0,1060.0,6254448
2022-03-07,712.8801879882812,972.0,995.0,970.0,985.0,10685986
2022-03-08,706.2794799804688,963.0,986.0,943.0,945.0,7230258
2022-03-09,708.4797973632812,966.0,976.0,956.0,971.0,5981552
2022-03-10,729.7487182617188,995.0,1005.0,982.0,990.0,5820879
2022-03-11,706.2794799804688,963.0,1000.0,961.0,1000.0,5586320
2022-03-14,692.344482421875,944.0,975.0,934.0,973.0,8517631
2022-03-15,663.0078735351562,904.0,935.0,901.0,933.0,9349160
2022-03-16,665.2081298828125,907.0,931.0,900.0,930.0,7483037
2022-03-17,709.9464721679688,968.0,978.0,949.0,951.0,9344377
2022-03-18,710.6799926757812,969.0,974.0,955.0,971.0,6554769
2022-03-21,717.2806396484375,978.0,985.0,977.0,985.0,3910421
2022-03-22,715.0804443359375,975.0,980.0,967.0,971.0,3925166
2022-03-23,716.5472412109375,977.0,995.0,976.0,988.0,4105013
2022-03-24,712.8801879882812,972.0,978.0,967.0,978.0,4654086
2022-03-25,712.1467895507812,971.0,976.0,965.0,975.0,3500490
2022-03-28,707.0128173828125,964.0,964.0,946.0,950.0,2654466
2022-03-29,668.875244140625,912.0,951.0,903.0,931.0,12940484
2022-03-30,671.0753784179688,915.0,923.0,903.0,912.0,11058276
2022-03-31,663.7412719726562,905.0,919.0,900.0,900.0,8375072
2022-04-01,660.0742797851562,900.0,904.0,893.0,900.0,9228783
2022-04-06,646.872802734375,882.0,883.0,855.0,858.0,13328503
2022-04-07,623.4035034179688,850.0,872.0,850.0,858.0,12287176
2022-04-08,616.0693359375,840.0,859.0,834.0,851.0,12711666
2022-04-11,613.1355590820312,836.0,847.0,832.0,839.0,6163957
2022-04-12,617.5360717773438,842.0,848.0,830.0,840.0,7748278
2022-04-13,645.4059448242188,880.0,882.0,847.0,849.0,10111374
2022-04-14,631.4710693359375,861.0,874.0,861.0,874.0,6220281
2022-04-15,610.2019653320312,832.0,852.0,831.0,851.0,7092675
2022-04-18,610.9353637695312,833.0,844.0,827.0,827.0,3933699
2022-04-19,614.6024780273438,838.0,862.0,838.0,855.0,6253901
2022-04-20,627.803955078125,856.0,856.0,841.0,847.0,5489289
2022-04-21,636.6049194335938,868.0,872.0,850.0,854.0,4505663
2022-04-22,626.337158203125,854.0,857.0,846.0,848.0,5736473
2022-04-25,613.869140625,837.0,838.0,831.0,833.0,5934807
2022-04-26,610.9353637695312,833.0,837.0,825.0,833.0,6976630
2022-04-27,592.6000366210938,808.0,816.0,797.0,806.0,8488189
2022-04-28,607.268310546875,828.0,853.0,821.0,835.0,12449177
2022-04-29,608.7351684570312,830.0,850.0,830.0,850.0,6664286
2022-05-03,601.4010009765625,820.0,833.0,808.0,830.0,8296427
2022-05-04,608.001708984375,829.0,835.0,825.0,829.0,3551729
2022-05-05,616.8026733398438,841.0,848.0,837.0,843.0,5091069
2022-05-06,611.6688232421875,834.0,834.0,808.0,809.0,5655744
2022-05-09,596.26708984375,813.0,827.0,813.0,821.0,3073344
2022-05-10,601.4010009765625,820.0,824.0,801.0,801.0,5843583
2022-05-11,608.001708984375,829.0,831.0,813.0,814.0,3755757
2022-05-12,601.4010009765625,820.0,835.0,820.0,828.0,4101437
2022-05-13,618.2696533203125,843.0,845.0,828.0,831.0,4569731
2022-05-16,605.0680541992188,825.0,858.0,825.0,849.0,4950541
2022-05-17,616.8026733398438,841.0,847.0,830.0,838.0,4006249
2022-05-18,627.0704956054688,855.0,855.0,845.0,854.0,5390518
2022-05-19,619.736328125,845.0,847.0,835.0,839.0,4799600
2022-05-20,620.4697875976562,846.0,850.0,836.0,841.0,3499866
2022-05-23,618.2696533203125,843.0,857.0,843.0,854.0,3192724
2022-05-24,608.7351684570312,830.0,848.0,830.0,848.0,2917189
2022-05-25,618.2696533203125,843.0,848.0,826.0,833.0,3229937
2022-05-26,610.9353637695312,833.0,849.0,832.0,849.0,3458958
2022-05-27,624.1367797851562,851.0,852.0,838.0,842.0,3283990
2022-05-30,643.9390869140625,878.0,878.0,864.0,865.0,5134164
2022-05-31,663.7412719726562,905.0,905.0,867.0,876.0,10189792
2022-06-01,663.7412719726562,905.0,912.0,896.0,903.0,5234259
2022-06-02,658.607421875,898.0,906.0,897.0,899.0,3858451
2022-06-06,663.7412719726562,905.0,912.0,890.0,896.0,5605415
2022-06-07,652.7401123046875,890.0,901.0,890.0,900.0,5521169
2022-06-08,682.0767211914062,930.0,933.0,900.0,903.0,10296010
2022-06-09,677.6762084960938,924.0,935.0,920.0,927.0,5894187
2022-06-10,682.0767211914062,930.0,934.0,914.0,915.0,4826273
2022-06-13,650.5399169921875,887.0,907.0,885.0,902.0,8704050
2022-06-14,645.4059448242188,880.0,882.0,866.0,870.0,6417629
2022-06-15,648.3396606445312,884.0,893.0,878.0,880.0,5010720
2022-06-16,640.27197265625,873.0,908.0,869.0,906.0,4915525
2022-06-17,609.468505859375,831.0,856.0,831.0,847.0,12964828
2022-06-20,616.0693359375,840.0,852.0,832.0,838.0,6893103
2022-06-21,636.6049194335938,868.0,868.0,847.0,861.0,7304422
2022-06-22,591.8665161132812,807.0,852.0,805.0,848.0,14514935
2022-06-23,555.5812377929688,689.0,740.0,679.0,731.0,30393472
2022-06-24,540.2604370117188,670.0,696.0,669.0,682.0,14518315
2022-06-27,546.7113037109375,678.0,695.0,678.0,685.0,10153354
2022-06-28,524.9396362304688,651.0,678.0,646.0,670.0,16181238
2022-06-29,533.0032958984375,661.0,668.0,640.0,644.0,13465426
2022-06-30,524.9396362304688,651.0,662.0,647.0,655.0,9682997
2022-07-01,493.4916687011719,612.0,655.0,610.0,652.0,10051624
2022-07-04,492.68524169921875,611.0,623.0,606.0,609.0,8976016
2022-07-05,495.9107666015625,615.0,630.0,597.0,624.0,8934695
2022-07-06,487.8471374511719,605.0,619.0,603.0,617.0,7663311
2022-07-07,512.84423828125,636.0,638.0,606.0,612.0,8633974
2022-07-08,524.9396362304688,651.0,657.0,642.0,650.0,9061449
2022-07-11,513.6505737304688,637.0,656.0,635.0,655.0,5102748
2022-07-12,495.10443115234375,614.0,629.0,608.0,628.0,7334318
2022-07-13,511.23150634765625,634.0,652.0,631.0,650.0,6616953
2022-07-14,520.907958984375,646.0,652.0,625.0,629.0,5473704
2022-07-15,522.5206298828125,648.0,652.0,638.0,646.0,7738288
2022-07-18,533.0032958984375,661.0,673.0,650.0,652.0,7836261
2022-07-19,533.8096923828125,662.0,667.0,655.0,658.0,4680873
2022-07-20,541.0668334960938,671.0,687.0,667.0,680.0,8066906
2022-07-21,577.3529663085938,716.0,716.0,678.0,681.0,11439799
2022-07-22,568.4830932617188,705.0,721.0,701.0,718.0,8280121
2022-07-25,554.77490234375,688.0,698.0,687.0,695.0,5931222
2022-07-26,549.1304321289062,681.0,696.0,675.0,679.0,5330274
2022-07-27,545.905029296875,677.0,677.0,660.0,661.0,6598262
2022-07-28,549.9367065429688,682.0,693.0,678.0,693.0,4665061
2022-07-29,550.7431030273438,683.0,702.0,676.0,690.0,6916095
2022-08-01,559.6130981445312,694.0,696.0,674.0,684.0,6377879
2022-08-02,550.7431030273438,683.0,690.0,672.0,679.0,6108080
2022-08-03,553.1622314453125,686.0,689.0,678.0,685.0,3556948
2022-08-04,551.5494995117188,684.0,692.0,680.0,689.0,3455237
2022-08-05,578.1593627929688,717.0,717.0,698.0,700.0,6982355
2022-08-08,571.7084350585938,709.0,720.0,706.0,713.0,5059785
2022-08-09,559.6130981445312,694.0,706.0,690.0,702.0,5278814
2022-08-10,538.6477661132812,668.0,680.0,668.0,677.0,6321671
2022-08-11,540.2604370117188,670.0,676.0,663.0,670.0,9025318
2022-08-12,551.5494995117188,684.0,684.0,670.0,674.0,4446417
2022-08-15,569.2894897460938,706.0,709.0,686.0,688.0,4793921
2022-08-16,569.2894897460938,706.0,717.0,705.0,709.0,5340783
2022-08-17,566.870361328125,703.0,711.0,699.0,707.0,4656601
2022-08-18,566.0639038085938,702.0,705.0,691.0,702.0,4104406
2022-08-19,558.8067016601562,693.0,701.0,693.0,701.0,4021243
2022-08-22,545.905029296875,677.0,683.0,676.0,682.0,3039000
2022-08-23,545.0986328125,676.0,679.0,665.0,668.0,3485299
2022-08-24,537.8413696289062,667.0,683.0,667.0,680.0,3956917
2022-08-25,540.2604370117188,670.0,677.0,666.0,670.0,2981905
2022-08-26,546.7113037109375,678.0,687.0,675.0,679.0,2900649
2022-08-29,526.5523681640625,653.0,659.0,651.0,657.0,4654505
2022-08-30,529.7777709960938,657.0,660.0,648.0,653.0,4506040
2022-08-31,537.8413696289062,667.0,671.0,652.0,655.0,4221631
2022-09-01,522.5206298828125,648.0,661.0,643.0,655.0,7093281
2022-09-02,499.94244384765625,620.0,645.0,620.0,640.0,9474700
2022-09-05,508.8124694824219,631.0,637.0,616.0,616.0,5842744
2022-09-06,507.19970703125,629.0,636.0,627.0,633.0,3988122
2022-09-07,499.1361389160156,619.0,625.0,609.0,620.0,5069764
2022-09-08,502.36163330078125,623.0,626.0,617.0,622.0,3336148
2022-09-12,505.5870056152344,627.0,642.0,626.0,634.0,5000340
2022-09-13,504.7806701660156,626.0,636.0,625.0,631.0,4327108
2022-09-14,495.9107666015625,615.0,617.0,602.0,603.0,6129131
2022-09-15,496.7171325683594,616.0,620.0,611.0,611.0,3490200
2022-09-16,483.8153076171875,600.0,611.0,600.0,607.0,7961748
2022-09-19,487.040771484375,604.0,611.0,601.0,606.0,4262713
2022-09-20,487.8471374511719,605.0,611.0,603.0,607.0,3209089
2022-09-21,487.8471374511719,605.0,610.0,601.0,610.0,4305556
2022-09-22,476.55810546875,591.0,600.0,587.0,598.0,5520105
2022-09-23,467.68817138671875,580.0,594.0,580.0,591.0,4137245
2022-09-26,458.8182067871094,569.0,576.0,564.0,573.0,5078590
2022-09-27,458.0118408203125,568.0,574.0,563.0,571.0,4395712
2022-09-28,439.4656066894531,545.0,576.0,545.0,572.0,7153489
2022-09-29,437.8529052734375,543.0,563.0,540.0,558.0,7957861
2022-09-30,444.3037414550781,551.0,554.0,533.0,536.0,5765497
2022-10-03,441.88470458984375,548.0,556.0,541.0,543.0,3207800
2022-10-04,462.0436706542969,573.0,573.0,564.0,564.0,4417460
2022-10-05,483.0090026855469,599.0,608.0,592.0,596.0,9523847
2022-10-06,473.3326721191406,587.0,604.0,585.0,603.0,6813772
2022-10-07,456.399169921875,566.0,582.0,564.0,581.0,5990213
2022-10-11,445.9165344238281,553.0,565.0,541.0,546.0,8035781
2022-10-12,442.69097900390625,549.0,557.0,541.0,557.0,6779101
2022-10-13,438.6592712402344,544.0,554.0,538.0,550.0,6734775
2022-10-14,471.7199401855469,585.0,588.0,559.0,562.0,9168365
2022-10-17,466.075439453125,578.0,580.0,565.0,568.0,6538416
2022-10-18,474.1390075683594,588.0,595.0,576.0,593.0,6492274
2022-10-19,465.2691345214844,577.0,591.0,577.0,585.0,5843559
2022-10-20,459.62457275390625,570.0,570.0,558.0,566.0,8517491
2022-10-21,457.20550537109375,567.0,579.0,565.0,567.0,4956286
2022-10-24,474.1390075683594,588.0,596.0,585.0,587.0,5684321
2022-10-25,453.9800109863281,563.0,592.0,563.0,591.0,6381937
2022-10-26,466.8818054199219,579.0,582.0,565.0,569.0,6518295
2022-10-27,474.9454040527344,589.0,592.0,583.0,589.0,6051076
2022-10-28,455.5927429199219,565.0,585.0,564.0,582.0,6036461
2022-10-31,475.7518005371094,590.0,604.0,576.0,585.0,16334090
2022-11-01,483.0090026855469,599.0,604.0,590.0,592.0,7663380
2022-11-02,483.0090026855469,599.0,607.0,593.0,595.0,6657914
2022-11-03,483.8153076171875,600.0,602.0,587.0,587.0,6358739
2022-11-04,481.396240234375,597.0,600.0,586.0,600.0,4370544
2022-11-07,499.94244384765625,620.0,623.0,601.0,608.0,8093011
2022-11-08,499.94244384765625,620.0,632.0,616.0,632.0,7837433
2022-11-09,524.1332397460938,650.0,656.0,626.0,628.0,12019117
2022-11-10,532.1969604492188,660.0,660.0,641.0,648.0,7154267
2022-11-11,564.4512329101562,700.0,700.0,680.0,698.0,15760682
2022-11-14,562.0321655273438,697.0,710.0,694.0,705.0,9563892
2022-11-15,582.191162109375,722.0,735.0,700.0,704.0,13610403
2022-11-16,587.8356323242188,729.0,738.0,719.0,732.0,9978727
2022-11-17,584.6102294921875,725.0,740.0,716.0,740.0,6790953
2022-11-18,582.191162109375,722.0,742.0,716.0,732.0,5407566
2022-11-21,580.578369140625,720.0,722.0,709.0,716.0,4344910
2022-11-22,574.9338989257812,713.0,715.0,703.0,707.0,6221790
2022-11-23,568.4830932617188,705.0,722.0,705.0,722.0,3108090
2022-11-24,587.0292358398438,728.0,736.0,711.0,715.0,7357285
2022-11-25,586.222900390625,727.0,736.0,723.0,729.0,5668842
2022-11-28,566.870361328125,703.0,719.0,703.0,703.0,5409513
2022-11-29,574.9338989257812,713.0,718.0,695.0,695.0,5090965
2022-11-30,591.06103515625,733.0,738.0,711.0,714.0,9170864
2022-12-01,597.5119018554688,741.0,756.0,738.0,750.0,6799631
2022-12-02,595.8992309570312,739.0,748.0,730.0,730.0,4024014
2022-12-05,595.8992309570312,739.0,755.0,739.0,739.0,4458434
2022-12-06,584.6102294921875,725.0,744.0,720.0,739.0,4949511
2022-12-07,577.3529663085938,716.0,728.0,713.0,717.0,5243678
2022-12-08,568.4830932617188,705.0,725.0,705.0,724.0,4093975
2022-12-09,587.8356323242188,729.0,729.0,711.0,714.0,4352527
2022-12-12,574.1276245117188,712.0,716.0,705.0,715.0,4940725
2022-12-13,571.7084350585938,709.0,722.0,708.0,717.0,5634859
2022-12-14,578.9656982421875,718.0,724.0,714.0,717.0,4944047
2022-12-15,549.1304321289062,681.0,706.0,681.0,703.0,13507515
2022-12-16,532.1969604492188,660.0,665.0,651.0,653.0,12668262
2022-12-19,528.9713745117188,656.0,662.0,650.0,650.0,6529791
2022-12-20,520.907958984375,646.0,660.0,646.0,650.0,5800713
2022-12-21,527.3587036132812,654.0,661.0,646.0,649.0,4667715
2022-12-22,533.0032958984375,661.0,668.0,661.0,665.0,4043075
2022-12-23,532.1969604492188,660.0,661.0,648.0,651.0,2381097
2022-12-26,524.9396362304688,651.0,661.0,651.0,661.0,1464464
2022-12-27,528.9713745117188,656.0,664.0,653.0,654.0,1927473
2022-12-28,514.4569091796875,638.0,649.0,621.0,649.0,8725713
2022-12-29,507.19970703125,629.0,631.0,623.0,630.0,3623909
2022-12-30,503.97430419921875,625.0,640.0,625.0,635.0,2332797
2023-01-03,519.2952270507812,644.0,645.0,621.0,623.0,4451795
2023-01-04,512.84423828125,636.0,644.0,635.0,639.0,2734185
2023-01-05,508.8124694824219,631.0,641.0,625.0,638.0,5231120
2023-01-06,532.1969604492188,660.0,660.0,634.0,634.0,6890898
2023-01-09,544.2922973632812,675.0,675.0,665.0,671.0,6953372
2023-01-10,559.6130981445312,694.0,696.0,681.0,684.0,8579851
2023-01-11,570.0957641601562,707.0,707.0,694.0,700.0,6807896
2023-01-12,576.546630859375,715.0,720.0,708.0,710.0,6154916
2023-01-13,559.6130981445312,694.0,726.0,691.0,722.0,6607197
2023-01-16,567.6766357421875,704.0,712.0,701.0,707.0,4831796
2023-01-17,558.8067016601562,693.0,709.0,693.0,706.0,4423459
2023-01-30,595.8992309570312,739.0,739.0,709.0,734.0,14092868
2023-01-31,578.9656982421875,718.0,752.0,716.0,734.0,10849696
2023-02-01,583.8038330078125,724.0,728.0,718.0,724.0,5742796
2023-02-02,602.35009765625,747.0,753.0,737.0,747.0,11004915
2023-02-03,605.5755615234375,751.0,753.0,741.0,742.0,6331833
2023-02-06,589.4483642578125,731.0,749.0,730.0,745.0,7504061
2023-02-07,578.1593627929688,717.0,739.0,716.0,739.0,7083578
2023-02-08,599.9310302734375,744.0,747.0,725.0,726.0,7726469
2023-02-09,603.9628295898438,749.0,749.0,736.0,740.0,3943535
2023-02-10,596.70556640625,740.0,749.0,739.0,749.0,3178891
2023-02-13,589.4483642578125,731.0,737.0,726.0,735.0,4083761
2023-02-14,590.2547607421875,732.0,742.0,731.0,737.0,3253855
2023-02-15,572.514892578125,710.0,730.0,708.0,730.0,6560069
2023-02-16,573.3211669921875,711.0,718.0,706.0,716.0,5055383
2023-02-17,582.9974975585938,723.0,723.0,707.0,708.0,3496855
2023-02-20,585.4166259765625,726.0,732.0,719.0,725.0,2557688
2023-02-21,584.6102294921875,725.0,734.0,724.0,728.0,2680312
2023-02-22,574.9338989257812,713.0,722.0,713.0,718.0,4226425
2023-02-23,600.7374267578125,745.0,745.0,722.0,724.0,7415265
2023-02-24,582.9974975585938,723.0,752.0,723.0,751.0,8014012
2023-03-01,637.829833984375,791.0,795.0,731.0,737.0,15610514
2023-03-02,624.9281616210938,775.0,790.0,773.0,790.0,9407400
2023-03-03,624.9281616210938,775.0,789.0,771.0,778.0,6400777
2023-03-06,632.1853637695312,784.0,795.0,777.0,785.0,7426468
2023-03-07,635.410888671875,788.0,790.0,783.0,789.0,5137242
2023-03-08,619.2836303710938,768.0,784.0,765.0,782.0,8327224
2023-03-09,618.4772338867188,767.0,775.0,767.0,769.0,5235081
2023-03-10,609.6073608398438,756.0,761.0,753.0,759.0,5780275
2023-03-13,616.0582275390625,764.0,764.0,743.0,756.0,4934528
2023-03-14,613.63916015625,761.0,768.0,749.0,749.0,4970598
2023-03-15,611.2200927734375,758.0,773.0,757.0,766.0,5204405
2023-03-16,609.6073608398438,756.0,765.0,748.0,751.0,5857200
2023-03-17,623.3154296875,773.0,777.0,766.0,770.0,6673769
2023-03-20,620.8964233398438,770.0,780.0,768.0,773.0,5239975
2023-03-21,621.7026977539062,771.0,779.0,763.0,776.0,5224780
2023-03-22,629.766357421875,781.0,785.0,776.0,777.0,5008621
2023-03-23,639.4425659179688,793.0,794.0,778.0,780.0,4688952
2023-03-24,637.0236206054688,790.0,794.0,785.0,790.0,4299481
2023-03-27,628.9598999023438,780.0,790.0,779.0,789.0,3000386
2023-03-28,617.6709594726562,766.0,780.0,766.0,775.0,3940649
2023-03-29,623.3154296875,773.0,775.0,765.0,774.0,2913723
2023-03-30,627.34716796875,778.0,783.0,775.0,780.0,2970689
2023-03-31,634.6044311523438,787.0,789.0,778.0,778.0,4356288
2023-04-06,607.188232421875,753.0,777.0,751.0,774.0,8692104
2023-04-07,603.9628295898438,749.0,752.0,743.0,749.0,4322843
2023-04-10,598.3182983398438,742.0,750.0,739.0,748.0,5720960
2023-04-11,609.6073608398438,756.0,759.0,743.0,743.0,4506545
2023-04-12,611.2200927734375,758.0,760.0,752.0,756.0,3537841
2023-04-13,604.7691650390625,750.0,760.0,749.0,759.0,5072055
2023-04-14,603.1564331054688,748.0,758.0,746.0,754.0,4358117
2023-04-17,571.7084350585938,709.0,710.0,694.0,705.0,14011693
2023-04-18,554.77490234375,688.0,703.0,685.0,702.0,13970100
2023-04-19,544.2922973632812,675.0,685.0,675.0,682.0,10748670
2023-04-20,542.6795043945312,673.0,684.0,661.0,661.0,9881462
2023-04-21,536.2286376953125,665.0,679.0,665.0,676.0,5084036
2023-04-24,545.0986328125,676.0,681.0,663.0,663.0,4674121
2023-04-25,524.1332397460938,650.0,678.0,650.0,678.0,8340199
2023-04-26,523.3269653320312,649.0,652.0,638.0,641.0,7111965
2023-04-27,533.8096923828125,662.0,667.0,653.0,654.0,4627385
2023-04-28,536.2286376953125,665.0,674.0,663.0,668.0,6381645
2023-05-02,541.0668334960938,671.0,673.0,654.0,654.0,6341076
2023-05-03,548.3240356445312,680.0,680.0,668.0,674.0,6487920
2023-05-04,538.6477661132812,668.0,674.0,666.0,674.0,5568985
2023-05-05,544.2922973632812,675.0,678.0,672.0,675.0,3164748
2023-05-08,544.2922973632812,675.0,684.0,674.0,681.0,2957572
2023-05-09,545.905029296875,677.0,681.0,674.0,681.0,2163899
2023-05-10,538.6477661132812,668.0,677.0,666.0,677.0,3766277
2023-05-11,538.6477661132812,668.0,674.0,664.0,666.0,3130043
2023-05-12,542.6795043945312,673.0,676.0,661.0,673.0,5100737
2023-05-15,548.3240356445312,680.0,682.0,673.0,676.0,3589435
2023-05-16,548.3240356445312,680.0,688.0,680.0,688.0,3763602
2023-05-17,552.3558349609375,685.0,689.0,677.0,680.0,7787494
2023-05-18,555.5812377929688,689.0,694.0,685.0,690.0,4371571
2023-05-19,562.8385009765625,698.0,698.0,690.0,691.0,4968629
2023-05-22,568.4830932617188,705.0,709.0,701.0,702.0,4440987
2023-05-23,577.3529663085938,716.0,722.0,708.0,710.0,5240558
2023-05-24,573.3211669921875,711.0,713.0,701.0,713.0,5640355
2023-05-25,570.9021606445312,708.0,718.0,706.0,708.0,4666860
2023-05-26,588.6419677734375,730.0,737.0,708.0,708.0,10749900
2023-05-29,595.0928955078125,738.0,758.0,738.0,755.0,10036727
2023-05-30,615.2518920898438,763.0,773.0,757.0,759.0,16298604
2023-05-31,612.0264282226562,759.0,767.0,748.0,757.0,12027736
2023-06-01,603.1564331054688,748.0,761.0,748.0,755.0,6202943
2023-06-02,605.5755615234375,751.0,762.0,750.0,754.0,6399171
2023-06-05,612.0264282226562,759.0,767.0,757.0,757.0,5242068
2023-06-06,610.4137573242188,757.0,764.0,752.0,760.0,4171308
2023-06-07,619.2836303710938,768.0,769.0,756.0,759.0,5292636
2023-06-08,619.2836303710938,768.0,775.0,763.0,770.0,7246478
2023-06-09,616.0582275390625,764.0,770.0,761.0,768.0,4570550
2023-06-12,618.4772338867188,767.0,769.0,763.0,769.0,3852674
2023-06-13,628.1536254882812,779.0,782.0,768.0,770.0,7182494
2023-06-14,628.9598999023438,780.0,782.0,776.0,781.0,5287535
2023-06-15,617.6709594726562,766.0,779.0,765.0,777.0,7917545
2023-06-16,605.5755615234375,751.0,765.0,751.0,760.0,10097247
2023-06-19,632.99169921875,785.0,793.0,764.0,769.0,19694676
2023-06-20,616.9271240234375,691.0,725.0,691.0,708.0,24572675
2023-06-21,618.7127075195312,693.0,696.0,683.0,689.0,11451567
2023-06-26,611.5704345703125,685.0,690.0,685.0,688.0,4552895
2023-06-27,607.9991455078125,681.0,688.0,680.0,680.0,4553912
2023-06-28,620.4984130859375,695.0,697.0,685.0,692.0,4150494
2023-06-29,621.3911743164062,696.0,705.0,695.0,704.0,4275815
2023-06-30,614.248779296875,688.0,692.0,686.0,692.0,4338115
2023-07-03,616.9271240234375,691.0,698.0,690.0,692.0,2906690
2023-07-04,624.9624633789062,700.0,702.0,691.0,696.0,3753123
2023-07-05,622.2840576171875,697.0,703.0,696.0,703.0,3610090
2023-07-06,616.034423828125,690.0,699.0,688.0,692.0,4200756
2023-07-07,608.8919067382812,682.0,686.0,680.0,686.0,4297744
2023-07-10,600.8565673828125,673.0,686.0,673.0,680.0,5647752
2023-07-11,612.4631958007812,686.0,687.0,676.0,682.0,3372502
2023-07-12,611.5704345703125,685.0,689.0,680.0,689.0,3890508
2023-07-13,607.1063842773438,680.0,693.0,680.0,692.0,5058111
2023-07-14,617.8200073242188,692.0,698.0,685.0,686.0,6044895
2023-07-17,609.7847290039062,683.0,692.0,681.0,692.0,4271120
2023-07-18,609.7847290039062,683.0,686.0,678.0,680.0,4684651
2023-07-19,621.3911743164062,696.0,699.0,689.0,690.0,6185652
2023-07-20,617.8200073242188,692.0,697.0,689.0,697.0,2484977
2023-07-21,608.8919067382812,682.0,683.0,652.0,677.0,11417157
2023-07-24,602.6423950195312,675.0,690.0,673.0,679.0,7400747
2023-07-25,593.71435546875,665.0,679.0,665.0,675.0,6931420
2023-07-26,584.7863159179688,655.0,670.0,654.0,665.0,6972659
2023-07-27,587.4646606445312,658.0,661.0,654.0,658.0,4674341
2023-07-28,587.4646606445312,658.0,666.0,655.0,660.0,4178929
2023-07-31,616.034423828125,690.0,698.0,684.0,691.0,16722852
2023-08-01,636.5687866210938,713.0,715.0,695.0,700.0,13914572
2023-08-02,632.9976196289062,709.0,720.0,704.0,712.0,8947248
2023-08-04,630.3192138671875,706.0,711.0,699.0,710.0,6732210
2023-08-07,630.3192138671875,706.0,712.0,703.0,709.0,3488590
2023-08-08,616.034423828125,690.0,705.0,690.0,705.0,5604493
2023-08-09,625.855224609375,701.0,702.0,686.0,689.0,3176525
2023-08-10,618.7127075195312,693.0,703.0,688.0,702.0,4319324
2023-08-11,606.2135620117188,679.0,689.0,675.0,688.0,4857156
2023-08-14,599.9638671875,672.0,673.0,666.0,672.0,3498430
2023-08-15,605.3206787109375,678.0,684.0,676.0,682.0,2734494
2023-08-16,615.1414794921875,689.0,698.0,683.0,698.0,5944886
2023-08-17,601.7495727539062,674.0,681.0,673.0,680.0,4594977
2023-08-18,601.7495727539062,674.0,679.0,669.0,670.0,3179069
2023-08-21,597.2855224609375,669.0,679.0,667.0,678.0,2683227
2023-08-22,599.9638671875,672.0,682.0,668.0,675.0,3686021
2023-08-23,599.0711059570312,671.0,676.0,670.0,672.0,2048921
2023-08-24,616.9271240234375,691.0,692.0,680.0,682.0,5599510
2023-08-25,619.6055908203125,694.0,695.0,687.0,692.0,5624927
2023-08-28,625.855224609375,701.0,709.0,698.0,700.0,5872295
2023-08-29,633.8905029296875,710.0,716.0,702.0,714.0,5186169
2023-08-30,632.9976196289062,709.0,715.0,702.0,714.0,4253988
2023-08-31,629.4263916015625,705.0,714.0,704.0,705.0,5761753
2023-09-01,633.8905029296875,710.0,712.0,701.0,707.0,2955148
2023-09-04,634.7832641601562,711.0,713.0,705.0,713.0,2380158
2023-09-05,641.0328369140625,718.0,718.0,711.0,712.0,4791289
2023-09-06,635.6760864257812,712.0,722.0,712.0,721.0,3074614
2023-09-07,640.14013671875,717.0,718.0,708.0,709.0,3205892
2023-09-08,632.9976196289062,709.0,710.0,701.0,705.0,4421983
2023-09-11,637.4616088867188,714.0,715.0,708.0,715.0,2101421
2023-09-12,649.9608764648438,728.0,729.0,709.0,710.0,6513877
2023-09-13,653.5321655273438,732.0,744.0,729.0,739.0,9197173
2023-09-14,654.4249267578125,733.0,735.0,725.0,735.0,5527046
2023-09-15,681.208984375,763.0,763.0,737.0,741.0,16255632
2023-09-18,698.1722412109375,782.0,792.0,750.0,751.0,11994826
2023-09-19,690.1370239257812,773.0,782.0,764.0,782.0,6244891
2023-09-20,677.6378173828125,759.0,766.0,751.0,765.0,5042205
2023-09-21,666.0313110351562,746.0,762.0,744.0,752.0,5034920
2023-09-22,666.0313110351562,746.0,748.0,728.0,735.0,7559485
2023-09-25,674.0665893554688,755.0,762.0,741.0,741.0,4563725
2023-09-26,657.9961547851562,737.0,755.0,736.0,748.0,3845914
2023-09-27,657.9961547851562,737.0,737.0,728.0,728.0,3824756
2023-09-28,656.2105102539062,735.0,741.0,730.0,739.0,3769234
2023-10-02,665.1386108398438,745.0,748.0,740.0,747.0,3898779
2023-10-03,689.2442626953125,772.0,784.0,766.0,767.0,10288796
2023-10-04,696.3866577148438,780.0,783.0,764.0,771.0,7599174
2023-10-05,701.7435302734375,786.0,786.0,776.0,783.0,5604602
2023-10-06,701.7435302734375,786.0,790.0,781.0,790.0,2927223
2023-10-11,726.741943359375,814.0,816.0,790.0,790.0,12439451
2023-10-12,727.634765625,815.0,819.0,805.0,817.0,6769337
2023-10-13,751.7404174804688,842.0,842.0,818.0,820.0,9828945
2023-10-16,749.9549560546875,840.0,849.0,832.0,838.0,5765614
2023-10-17,736.5628051757812,825.0,854.0,820.0,845.0,8242227
2023-10-18,725.8491821289062,813.0,822.0,800.0,800.0,7594780
2023-10-19,741.0269165039062,830.0,838.0,811.0,811.0,7509749
2023-10-20,739.2412719726562,828.0,837.0,812.0,831.0,8501964
2023-10-23,732.9915771484375,821.0,829.0,816.0,825.0,5304563
2023-10-24,728.527587890625,816.0,823.0,804.0,821.0,5036466
2023-10-25,733.8844604492188,822.0,832.0,816.0,818.0,6474280
2023-10-26,729.4204711914062,817.0,817.0,811.0,815.0,5446904
2023-10-27,715.1355590820312,801.0,824.0,800.0,824.0,6956960
2023-10-30,765.1325073242188,857.0,864.0,818.0,819.0,16172619
2023-10-31,751.7404174804688,842.0,861.0,834.0,860.0,10786996
2023-11-01,755.3116455078125,846.0,856.0,832.0,854.0,6856015
2023-11-02,774.9534301757812,868.0,877.0,855.0,863.0,9692237
2023-11-03,776.7390747070312,870.0,876.0,864.0,872.0,5567970
2023-11-06,787.45263671875,882.0,890.0,873.0,879.0,7264020
2023-11-07,792.8094482421875,888.0,899.0,879.0,890.0,7077114
2023-11-08,816.0223388671875,914.0,916.0,895.0,898.0,9312449
2023-11-09,807.9871215820312,905.0,913.0,899.0,913.0,6788362
2023-11-10,789.2382202148438,884.0,904.0,884.0,900.0,7551994
2023-11-13,808.8798828125,906.0,925.0,905.0,909.0,9498188
2023-11-14,807.9871215820312,905.0,917.0,902.0,916.0,4757053
2023-11-15,810.66552734375,908.0,925.0,900.0,925.0,8426367
2023-11-16,797.2734985351562,893.0,914.0,891.0,914.0,7645459
2023-11-17,807.0943603515625,904.0,905.0,893.0,896.0,4816081
2023-11-20,814.2367553710938,912.0,924.0,904.0,920.0,6970538
2023-11-21,826.7359619140625,926.0,934.0,915.0,922.0,9543750
2023-11-22,841.0208129882812,942.0,942.0,925.0,928.0,6417661
2023-11-23,830.3072509765625,930.0,951.0,929.0,951.0,5187583
2023-11-24,843.69921875,945.0,950.0,932.0,935.0,4498302
2023-11-27,831.199951171875,931.0,951.0,931.0,946.0,5615291
2023-11-28,841.0208129882812,942.0,942.0,925.0,929.0,5645888
2023-11-29,846.377685546875,948.0,949.0,936.0,941.0,5118355
2023-11-30,843.69921875,945.0,953.0,939.0,949.0,7275320
2023-12-01,845.4848022460938,947.0,947.0,938.0,942.0,3387061
2023-12-04,832.985595703125,933.0,946.0,930.0,945.0,5071102
2023-12-05,829.4143676757812,929.0,933.0,921.0,925.0,5175120
2023-12-06,827.6287841796875,927.0,933.0,925.0,925.0,3093275
2023-12-07,831.199951171875,931.0,943.0,927.0,933.0,3018069
2023-12-08,841.9137573242188,943.0,946.0,937.0,941.0,4934438
2023-12-11,840.1280517578125,941.0,944.0,932.0,942.0,5648215
2023-12-12,838.3424072265625,939.0,950.0,935.0,950.0,4510280
2023-12-13,852.6273193359375,955.0,955.0,939.0,944.0,5889291
2023-12-14,862.4481201171875,966.0,969.0,953.0,961.0,6610988
2023-12-15,889.2322387695312,996.0,998.0,971.0,975.0,11839614
2023-12-18,882.9826049804688,989.0,997.0,981.0,995.0,4783607
2023-12-19,885.6610717773438,992.0,994.0,977.0,977.0,5008169
2023-12-20,877.6258544921875,983.0,995.0,983.0,993.0,6393160
2023-12-21,871.3761596679688,976.0,983.0,972.0,972.0,4418453
2023-12-22,883.8753662109375,990.0,990.0,979.0,980.0,3285155
2023-12-25,888.33935546875,995.0,998.0,987.0,991.0,3304233
2023-12-26,892.803466796875,1000.0,1005.0,995.0,999.0,3241620
2023-12-27,928.515625,1040.0,1050.0,1010.0,1010.0,8561649
2023-12-28,915.12353515625,1025.0,1055.0,1025.0,1045.0,5447955
2023-12-29,906.1954956054688,1015.0,1030.0,1010.0,1025.0,5039654
2024-01-02,875.8402099609375,981.0,1015.0,980.0,1010.0,10009034
2024-01-03,850.8416748046875,953.0,977.0,953.0,976.0,12547023
2024-01-04,850.4750366210938,928.0,947.0,922.0,940.0,8449251
2024-01-05,844.0598754882812,921.0,935.0,921.0,929.0,5524580
2024-01-08,843.1433715820312,920.0,936.0,918.0,930.0,5553064
2024-01-09,850.4750366210938,928.0,940.0,926.0,938.0,5782533
2024-01-10,846.8092041015625,924.0,935.0,922.0,935.0,4252336
2024-01-11,843.1433715820312,920.0,937.0,920.0,932.0,6787619
2024-01-12,848.6421508789062,926.0,929.0,916.0,920.0,4733940
2024-01-15,844.976318359375,922.0,935.0,919.0,935.0,4242507
2024-01-16,820.2318725585938,895.0,917.0,895.0,915.0,10182511
2024-01-17,805.568603515625,879.0,903.0,879.0,890.0,11463245
2024-01-18,822.0648193359375,897.0,897.0,884.0,884.0,6754372
2024-01-19,843.1433715820312,920.0,920.0,907.0,920.0,9037844
2024-01-22,844.976318359375,922.0,943.0,920.0,928.0,9381596
2024-01-23,834.895263671875,911.0,922.0,909.0,918.0,6015511
2024-01-24,857.8068237304688,936.0,936.0,915.0,916.0,7798880
2024-01-25,864.2221069335938,943.0,950.0,933.0,939.0,8962616
2024-01-26,857.8068237304688,936.0,939.0,928.0,936.0,5273128
2024-01-29,859.6397094726562,938.0,945.0,926.0,945.0,7026602
2024-01-30,882.5511474609375,963.0,973.0,938.0,938.0,9478077
2024-01-31,885.3005981445312,966.0,977.0,958.0,976.0,9080284
2024-02-01,852.3080444335938,930.0,951.0,922.0,951.0,16712977
2024-02-02,857.8068237304688,936.0,936.0,926.0,931.0,7360212
2024-02-05,858.7232055664062,937.0,940.0,928.0,929.0,5742677
2024-02-15,890.7993774414062,972.0,983.0,951.0,983.0,11678406
2024-02-16,888.9664306640625,970.0,977.0,963.0,976.0,4417821
2024-02-19,882.5511474609375,963.0,973.0,951.0,973.0,4193442
2024-02-20,899.9639892578125,982.0,985.0,960.0,960.0,7570527
2024-02-21,899.0475463867188,981.0,986.0,972.0,972.0,5334177
2024-02-22,930.2070922851562,1015.0,1020.0,988.0,988.0,10182733
2024-02-23,1008.1062622070312,1100.0,1100.0,1010.0,1035.0,23431414
2024-02-26,1021.8531494140625,1115.0,1120.0,1060.0,1090.0,12036894
2024-02-27,1021.8531494140625,1115.0,1160.0,1105.0,1125.0,17137848
2024-02-29,1044.7645263671875,1140.0,1145.0,1110.0,1115.0,9126357
2024-03-01,1012.6885375976562,1105.0,1165.0,1095.0,1165.0,12066326
2024-03-04,1053.929443359375,1150.0,1155.0,1105.0,1115.0,12304302
2024-03-05,1058.5115966796875,1155.0,1160.0,1130.0,1150.0,8416339
2024-03-06,1090.5877685546875,1190.0,1200.0,1140.0,1145.0,9634661
2024-03-07,1127.24609375,1230.0,1260.0,1215.0,1220.0,15008514
2024-03-08,1127.24609375,1230.0,1275.0,1195.0,1260.0,16121484
2024-03-11,1122.6636962890625,1225.0,1245.0,1205.0,1235.0,5703039
2024-03-12,1113.499267578125,1215.0,1225.0,1190.0,1200.0,5088394
2024-03-13,1113.499267578125,1215.0,1260.0,1210.0,1245.0,6917876
2024-03-14,1053.929443359375,1150.0,1230.0,1140.0,1220.0,12529434
2024-03-15,1040.1824951171875,1135.0,1150.0,1120.0,1135.0,8516381
2024-03-18,1072.258544921875,1170.0,1180.0,1135.0,1135.0,5901035
2024-03-19,1053.929443359375,1150.0,1165.0,1135.0,1150.0,8740357
2024-03-20,1035.5999755859375,1130.0,1175.0,1120.0,1145.0,6032629
2024-03-21,1044.7645263671875,1140.0,1160.0,1125.0,1160.0,6391070
2024-03-22,1031.017822265625,1125.0,1145.0,1110.0,1140.0,5827756
2024-03-25,1026.4354248046875,1120.0,1140.0,1115.0,1120.0,3241531
2024-03-26,1035.5999755859375,1130.0,1170.0,1120.0,1140.0,6534083
2024-03-27,1067.6761474609375,1165.0,1175.0,1125.0,1135.0,5980133
2024-03-28,1063.0938720703125,1160.0,1180.0,1135.0,1160.0,6926740
2024-03-29,1086.00537109375,1185.0,1185.0,1160.0,1160.0,4051000
2024-04-01,1063.0938720703125,1160.0,1200.0,1155.0,1190.0,5359025
2024-04-02,1067.6761474609375,1165.0,1185.0,1160.0,1170.0,4164058
2024-04-03,1063.0938720703125,1160.0,1175.0,1140.0,1150.0,4100953
2024-04-08,1053.929443359375,1150.0,1180.0,1145.0,1175.0,4066781
2024-04-09,1063.0938720703125,1160.0,1175.0,1150.0,1160.0,3322521
2024-04-10,1095.1700439453125,1195.0,1215.0,1165.0,1170.0,6393274
2024-04-11,1099.752197265625,1200.0,1230.0,1185.0,1205.0,6271331
2024-04-12,1081.423095703125,1180.0,1200.0,1165.0,1190.0,5214036
2024-04-15,1017.2708740234375,1110.0,1160.0,1110.0,1160.0,9187015
2024-04-16,966.8655395507812,1055.0,1090.0,1055.0,1065.0,12016661
2024-04-17,962.2832641601562,1050.0,1075.0,1045.0,1065.0,7727084
2024-04-18,962.2832641601562,1050.0,1060.0,1020.0,1045.0,7168984
2024-04-19,910.0449829101562,993.0,1030.0,970.0,1020.0,15661098
2024-04-22,885.3005981445312,966.0,989.0,966.0,984.0,9091869
2024-04-23,890.7993774414062,972.0,989.0,970.0,989.0,5846136
2024-04-24,925.6248168945312,1010.0,1020.0,994.0,995.0,6229216
2024-04-25,899.0475463867188,981.0,1005.0,976.0,996.0,6053259
2024-04-26,921.0425415039062,1005.0,1005.0,987.0,991.0,5747819
2024-04-29,930.2070922851562,1015.0,1055.0,1005.0,1055.0,7963720
2024-04-30,909.1286010742188,992.0,1030.0,992.0,1015.0,5868406
2024-05-02,916.4602661132812,1000.0,1020.0,982.0,990.0,5401225
2024-05-03,953.11865234375,1040.0,1050.0,1030.0,1040.0,6598170
2024-05-06,948.5363159179688,1035.0,1060.0,1035.0,1060.0,4516638
2024-05-07,957.7009887695312,1045.0,1055.0,1035.0,1050.0,3178782
2024-05-08,1003.52392578125,1095.0,1100.0,1060.0,1080.0,9985063
2024-05-09,1003.52392578125,1095.0,1125.0,1090.0,1100.0,7792270
2024-05-10,1003.52392578125,1095.0,1105.0,1080.0,1105.0,4456276
2024-05-13,1021.8531494140625,1115.0,1120.0,1100.0,1115.0,4025166
2024-05-14,1058.5115966796875,1155.0,1160.0,1110.0,1115.0,7534580
2024-05-15,1058.5115966796875,1155.0,1175.0,1145.0,1170.0,5522444
2024-05-16,1090.5877685546875,1190.0,1210.0,1175.0,1180.0,10020318
2024-05-17,1067.6761474609375,1165.0,1185.0,1165.0,1180.0,6360397
2024-05-20,1090.5877685546875,1190.0,1195.0,1165.0,1165.0,6031212
2024-05-21,1076.8408203125,1175.0,1190.0,1165.0,1180.0,3369008
2024-05-22,1086.00537109375,1185.0,1190.0,1160.0,1190.0,4429872
2024-05-23,1104.334716796875,1205.0,1210.0,1185.0,1195.0,6200782
2024-05-24,1095.1700439453125,1195.0,1205.0,1190.0,1190.0,3253977
2024-05-27,1177.6514892578125,1285.0,1310.0,1235.0,1250.0,14370057
2024-05-28,1200.56298828125,1310.0,1320.0,1285.0,1300.0,10026387
2024-05-29,1182.233642578125,1290.0,1315.0,1275.0,1310.0,7857214
2024-05-30,1182.233642578125,1290.0,1300.0,1250.0,1255.0,8407440
2024-05-31,1131.828369140625,1235.0,1315.0,1225.0,1315.0,14212589
2024-06-03,1163.904541015625,1270.0,1270.0,1240.0,1265.0,6293578
2024-06-04,1136.41064453125,1240.0,1270.0,1220.0,1260.0,6985162
2024-06-05,1127.24609375,1230.0,1245.0,1220.0,1240.0,5828522
2024-06-06,1182.233642578125,1290.0,1300.0,1235.0,1255.0,9895619
2024-06-07,1168.48681640625,1275.0,1290.0,1270.0,1290.0,4931241
2024-06-11,1163.904541015625,1270.0,1280.0,1250.0,1270.0,5557895
2024-06-12,1191.398193359375,1300.0,1310.0,1265.0,1270.0,7741796
2024-06-13,1269.29736328125,1385.0,1400.0,1325.0,1340.0,13075007
2024-06-14,1278.462158203125,1395.0,1395.0,1365.0,1395.0,5947681
2024-06-17,1264.7152099609375,1380.0,1390.0,1365.0,1375.0,4297102
2024-06-18,1287.6265869140625,1405.0,1405.0,1375.0,1375.0,7677930
2024-06-19,1360.9434814453125,1485.0,1485.0,1420.0,1425.0,11552021
2024-06-20,1374.6904296875,1500.0,1500.0,1460.0,1485.0,6213796
2024-06-21,1365.5257568359375,1490.0,1495.0,1445.0,1470.0,10724486
2024-06-24,1292.2088623046875,1410.0,1465.0,1405.0,1455.0,9093868
2024-06-25,1269.29736328125,1385.0,1400.0,1365.0,1370.0,9382535
2024-06-26,1287.6265869140625,1405.0,1430.0,1395.0,1395.0,4993229
2024-06-27,1278.462158203125,1395.0,1410.0,1380.0,1380.0,4724876
2024-06-28,1283.0443115234375,1400.0,1405.0,1375.0,1400.0,6843642
2024-07-01,1296.7911376953125,1415.0,1440.0,1405.0,1405.0,5023006
2024-07-02,1292.2088623046875,1410.0,1415.0,1390.0,1410.0,5090265
2024-07-03,1287.6265869140625,1405.0,1430.0,1390.0,1430.0,6361645
2024-07-04,1288.00634765625,1375.0,1400.0,1375.0,1380.0,7642964
2024-07-05,1264.5880126953125,1350.0,1385.0,1335.0,1380.0,6406820
2024-07-08,1330.1591796875,1420.0,1420.0,1335.0,1340.0,7726110
2024-07-09,1367.62841796875,1460.0,1460.0,1415.0,1450.0,9654123
2024-07-10,1344.210205078125,1435.0,1460.0,1410.0,1455.0,5443505
2024-07-11,1330.1591796875,1420.0,1460.0,1415.0,1435.0,5250273
2024-07-12,1273.9552001953125,1360.0,1385.0,1350.0,1365.0,6871306
2024-07-15,1269.271728515625,1355.0,1380.0,1350.0,1370.0,3536752
2024-07-16,1259.904296875,1345.0,1365.0,1325.0,1355.0,5001135
2024-07-17,1241.169677734375,1325.0,1345.0,1305.0,1335.0,5978911
2024-07-18,1199.0167236328125,1280.0,1290.0,1250.0,1270.0,9831726
2024-07-19,1180.2821044921875,1260.0,1285.0,1260.0,1260.0,5871057
2024-07-22,1147.4964599609375,1225.0,1260.0,1195.0,1255.0,7245311
2024-07-23,1194.3330078125,1275.0,1275.0,1240.0,1255.0,6430338
2024-07-26,1166.231201171875,1245.0,1255.0,1185.0,1190.0,10242503
2024-07-29,1161.5474853515625,1240.0,1280.0,1230.0,1265.0,5100068
2024-07-30,1175.5985107421875,1255.0,1255.0,1210.0,1230.0,4423237
2024-07-31,1142.8128662109375,1220.0,1235.0,1200.0,1230.0,7379704
2024-08-01,1105.3433837890625,1180.0,1235.0,1180.0,1215.0,12041919
2024-08-02,1021.0377197265625,1090.0,1140.0,1090.0,1130.0,13774887
2024-08-05,928.30126953125,991.0,1020.0,981.0,995.0,22181134
2024-08-06,1006.9867553710938,1075.0,1090.0,1035.0,1090.0,16439278
2024-08-07,1077.24169921875,1150.0,1150.0,1080.0,1090.0,10529284
2024-08-08,1044.4560546875,1115.0,1140.0,1100.0,1120.0,8053732
2024-08-09,1053.8233642578125,1125.0,1155.0,1120.0,1150.0,6961644
2024-08-12,1100.6600341796875,1175.0,1175.0,1140.0,1145.0,4578908
2024-08-13,1086.6087646484375,1160.0,1185.0,1150.0,1180.0,3784683
2024-08-14,1110.0272216796875,1185.0,1190.0,1170.0,1175.0,4435983
2024-08-15,1081.92529296875,1155.0,1180.0,1155.0,1170.0,3064248
2024-08-16,1152.18017578125,1230.0,1240.0,1185.0,1185.0,6964050
2024-08-19,1175.5985107421875,1255.0,1265.0,1230.0,1240.0,5847224
2024-08-20,1170.914794921875,1250.0,1270.0,1240.0,1270.0,4293705
2024-08-21,1142.8128662109375,1220.0,1240.0,1210.0,1220.0,4500318
2024-08-22,1152.18017578125,1230.0,1240.0,1215.0,1230.0,3022975
2024-08-23,1147.4964599609375,1225.0,1225.0,1190.0,1205.0,4222716
2024-08-26,1138.1292724609375,1215.0,1245.0,1210.0,1245.0,3699292
2024-08-27,1133.445556640625,1210.0,1215.0,1190.0,1200.0,3877314
2024-08-28,1124.078125,1200.0,1220.0,1185.0,1205.0,4610835
2024-08-29,1170.914794921875,1250.0,1255.0,1175.0,1175.0,5404585
2024-08-30,1161.5474853515625,1240.0,1260.0,1225.0,1260.0,5810148
2024-09-02,1147.4964599609375,1225.0,1250.0,1215.0,1240.0,3182122
2024-09-03,1142.8128662109375,1220.0,1225.0,1200.0,1225.0,3422128
2024-09-04,1063.190673828125,1135.0,1170.0,1130.0,1135.0,9683111
2024-09-05,1039.7723388671875,1110.0,1130.0,1105.0,1120.0,9051905
2024-09-06,1072.5579833984375,1145.0,1150.0,1105.0,1110.0,5102862
2024-09-09,1035.0887451171875,1105.0,1115.0,1090.0,1100.0,7139369
2024-09-10,1058.507080078125,1130.0,1130.0,1100.0,1115.0,5579319
2024-09-11,1039.7723388671875,1110.0,1135.0,1110.0,1125.0,4019795
2024-09-12,1081.92529296875,1155.0,1155.0,1135.0,1150.0,4341122
2024-09-13,1053.8233642578125,1125.0,1165.0,1125.0,1160.0,3453407
2024-09-16,1058.507080078125,1130.0,1130.0,1100.0,1120.0,3682733
2024-09-18,1035.0887451171875,1105.0,1120.0,1095.0,1115.0,7064375
2024-09-19,1049.1395263671875,1120.0,1130.0,1080.0,1105.0,7749361
2024-09-20,1053.8233642578125,1125.0,1155.0,1125.0,1145.0,8871960
2024-09-23,1072.5579833984375,1145.0,1150.0,1120.0,1125.0,4490555
2024-09-24,1119.3946533203125,1195.0,1195.0,1135.0,1135.0,6847737
2024-09-25,1147.4964599609375,1225.0,1230.0,1205.0,1220.0,10887978
2024-09-26,1189.6494140625,1270.0,1280.0,1230.0,1235.0,9413246
2024-09-27,1180.2821044921875,1260.0,1305.0,1250.0,1280.0,8955853
2024-09-30,1100.6600341796875,1175.0,1235.0,1175.0,1235.0,8477410
2024-10-01,1133.445556640625,1210.0,1230.0,1190.0,1195.0,6000269
2024-10-04,1152.18017578125,1230.0,1240.0,1200.0,1200.0,6956378
2024-10-07,1170.914794921875,1250.0,1295.0,1230.0,1250.0,8959497
2024-10-08,1147.4964599609375,1225.0,1250.0,1225.0,1240.0,4347108
2024-10-09,1166.231201171875,1245.0,1275.0,1240.0,1260.0,5544071
2024-10-11,1217.7513427734375,1300.0,1310.0,1265.0,1265.0,9881759
2024-10-14,1208.3841552734375,1290.0,1310.0,1285.0,1310.0,3998990
2024-10-15,1217.7513427734375,1300.0,1310.0,1290.0,1310.0,5915032
2024-10-16,1194.3330078125,1275.0,1295.0,1260.0,1260.0,6461649
2024-10-17,1194.3330078125,1275.0,1295.0,1265.0,1295.0,4139436
2024-10-18,1222.43505859375,1305.0,1330.0,1295.0,1300.0,8327410
2024-10-21,1245.8533935546875,1330.0,1345.0,1310.0,1310.0,6320618
2024-10-22,1227.1187744140625,1310.0,1315.0,1295.0,1310.0,5200879
2024-10-23,1217.7513427734375,1300.0,1325.0,1275.0,1280.0,5399321
2024-10-24,1189.6494140625,1270.0,1305.0,1270.0,1300.0,4473596
2024-10-25,1231.80224609375,1315.0,1325.0,1270.0,1270.0,6810511
2024-10-28,1250.5369873046875,1335.0,1340.0,1315.0,1330.0,5375094
2024-10-29,1217.7513427734375,1300.0,1315.0,1285.0,1315.0,5336390
2024-10-30,1208.3841552734375,1290.0,1315.0,1285.0,1290.0,5429739
2024-11-01,1208.3841552734375,1290.0,1300.0,1220.0,1220.0,7755216
2024-11-04,1213.067626953125,1295.0,1305.0,1280.0,1285.0,3429980
2024-11-05,1208.3841552734375,1290.0,1300.0,1280.0,1285.0,3613551
2024-11-06,1222.43505859375,1305.0,1320.0,1290.0,1290.0,3781856
2024-11-07,1222.43505859375,1305.0,1330.0,1300.0,1330.0,4276840
2024-11-08,1199.0167236328125,1280.0,1320.0,1280.0,1310.0,4130119
2024-11-11,1213.067626953125,1295.0,1310.0,1280.0,1300.0,2805531
2024-11-12,1184.9658203125,1265.0,1295.0,1265.0,1280.0,4165815
2024-11-13,1175.5985107421875,1255.0,1275.0,1255.0,1265.0,4020882
2024-11-14,1156.8638916015625,1235.0,1265.0,1230.0,1260.0,4261333
2024-11-15,1189.6494140625,1270.0,1275.0,1230.0,1240.0,4250152
2024-11-18,1161.5474853515625,1240.0,1265.0,1230.0,1260.0,3884093
2024-11-19,1203.700439453125,1285.0,1290.0,1245.0,1255.0,4308916
2024-11-20,1194.3330078125,1275.0,1275.0,1275.0,1275.0,4926471
2024-11-21,1184.9658203125,1265.0,1270.0,1255.0,1265.0,2583520
2024-11-22,1227.1187744140625,1310.0,1310.0,1270.0,1280.0,6124283
2024-11-25,1199.0167236328125,1280.0,1330.0,1280.0,1325.0,7448148
2024-11-26,1199.0167236328125,1280.0,1290.0,1270.0,1280.0,3208553
2024-11-27,1170.914794921875,1250.0,1285.0,1250.0,1270.0,2932917
2024-11-28,1175.5985107421875,1255.0,1265.0,1240.0,1260.0,4205695
2024-11-29,1175.5985107421875,1255.0,1270.0,1225.0,1235.0,4141261
2024-12-02,1227.1187744140625,1310.0,1315.0,1270.0,1275.0,4380160
2024-12-03,1231.80224609375,1315.0,1330.0,1295.0,1325.0,5954597
2024-12-04,1236.4859619140625,1320.0,1325.0,1305.0,1315.0,4729113
2024-12-05,1241.169677734375,1325.0,1335.0,1310.0,1325.0,5251677
2024-12-06,1222.43505859375,1305.0,1340.0,1300.0,1325.0,4223587
2024-12-09,1241.169677734375,1325.0,1325.0,1300.0,1320.0,4075270
2024-12-10,1264.5880126953125,1350.0,1360.0,1310.0,1315.0,5824301
2024-12-11,1264.5880126953125,1350.0,1355.0,1305.0,1320.0,6205868
2024-12-12,1292.68994140625,1380.0,1400.0,1370.0,1370.0,7666196
2024-12-13,1320.7918701171875,1410.0,1410.0,1365.0,1385.0,6323798
2024-12-16,1297.37353515625,1385.0,1440.0,1385.0,1435.0,7194809
2024-12-17,1334.8428955078125,1425.0,1445.0,1390.0,1390.0,8783456
2024-12-18,1330.1591796875,1420.0,1430.0,1405.0,1430.0,5995195
2024-12-19,1330.1591796875,1420.0,1430.0,1395.0,1400.0,6353336
2024-12-20,1302.0572509765625,1390.0,1425.0,1390.0,1420.0,5544646
2024-12-23,1320.7918701171875,1410.0,1425.0,1400.0,1405.0,4295456
2024-12-24,1316.1082763671875,1405.0,1430.0,1405.0,1430.0,3196077
2024-12-25,1320.7918701171875,1410.0,1430.0,1410.0,1420.0,2381315
2024-12-26,1330.1591796875,1420.0,1430.0,1415.0,1420.0,2351336
2024-12-27,1339.5264892578125,1430.0,1440.0,1420.0,1420.0,2283253
2024-12-30,1330.1591796875,1420.0,1435.0,1420.0,1430.0,2765852
2024-12-31,1325.4755859375,1415.0,1425.0,1400.0,1410.0,3224086
2025-01-02,1291.047607421875,1350.0,1400.0,1335.0,1395.0,6820305
2025-01-03,1305.392578125,1365.0,1370.0,1335.0,1365.0,5752498
2025-01-06,1362.7724609375,1425.0,1425.0,1390.0,1390.0,6907233
2025-01-07,1424.93408203125,1490.0,1500.0,1415.0,1445.0,12307998
2025-01-08,1405.8074951171875,1470.0,1500.0,1460.0,1500.0,10805038
2025-01-09,1377.117431640625,1440.0,1480.0,1440.0,1470.0,7021298
2025-01-10,1401.0257568359375,1465.0,1495.0,1445.0,1460.0,7157266
2025-01-13,1329.30078125,1390.0,1460.0,1385.0,1435.0,9742772
2025-01-14,1338.8641357421875,1400.0,1415.0,1380.0,1385.0,5279672
2025-01-15,1357.9908447265625,1420.0,1445.0,1390.0,1390.0,6417175
2025-01-16,1396.244140625,1460.0,1470.0,1430.0,1450.0,7314623
2025-01-17,1367.5540771484375,1430.0,1455.0,1420.0,1450.0,5488719
2025-01-20,1381.8990478515625,1445.0,1455.0,1425.0,1425.0,3956489
2025-01-21,1401.0257568359375,1465.0,1475.0,1435.0,1440.0,4428280
2025-01-22,1401.0257568359375,1465.0,1495.0,1465.0,1480.0,6502859
2025-02-03,1434.497314453125,1500.0,1525.0,1415.0,1420.0,18533177
2025-02-04,1424.93408203125,1490.0,1530.0,1480.0,1510.0,8166768
2025-02-05,1458.405517578125,1525.0,1530.0,1490.0,1505.0,9064753
2025-02-06,1458.405517578125,1525.0,1570.0,1520.0,1530.0,9371366
2025-02-07,1458.405517578125,1525.0,1530.0,1505.0,1525.0,6741142
2025-02-10,1415.3707275390625,1480.0,1510.0,1475.0,1505.0,8922872
2025-02-11,1444.0606689453125,1510.0,1530.0,1490.0,1490.0,8486272
2025-02-12,1420.15234375,1485.0,1540.0,1480.0,1530.0,7865557
2025-02-13,1453.6239013671875,1520.0,1520.0,1485.0,1495.0,4576098
2025-02-14,1439.2789306640625,1505.0,1535.0,1505.0,1515.0,4726126
2025-02-17,1477.5322265625,1545.0,1545.0,1510.0,1515.0,7603778
2025-02-18,1467.968994140625,1535.0,1550.0,1520.0,1550.0,5362376
2025-02-19,1472.7506103515625,1540.0,1545.0,1525.0,1535.0,4447177
2025-02-20,1434.497314453125,1500.0,1545.0,1500.0,1545.0,6855773
2025-02-21,1444.0606689453125,1510.0,1525.0,1490.0,1500.0,5655119
2025-02-24,1477.5322265625,1545.0,1545.0,1495.0,1500.0,6371982
2025-02-25,1482.31396484375,1550.0,1560.0,1510.0,1525.0,7905273
2025-02-26,1491.877197265625,1560.0,1575.0,1525.0,1555.0,7032006
2025-02-27,1448.84228515625,1515.0,1575.0,1515.0,1555.0,10335277
2025-03-03,1405.8074951171875,1470.0,1495.0,1465.0,1490.0,10588492
2025-03-04,1439.2789306640625,1505.0,1510.0,1435.0,1435.0,7871467
2025-03-05,1439.2789306640625,1505.0,1530.0,1490.0,1505.0,6356979
2025-03-06,1429.7156982421875,1495.0,1510.0,1485.0,1505.0,3089136
2025-03-07,1401.0257568359375,1465.0,1485.0,1450.0,1475.0,5464123
2025-03-10,1334.08251953125,1395.0,1460.0,1395.0,1450.0,9828231
2025-03-11,1324.5191650390625,1385.0,1390.0,1320.0,1320.0,10078176
2025-03-12,1348.427490234375,1410.0,1425.0,1375.0,1375.0,7914116
2025-03-13,1329.30078125,1390.0,1440.0,1390.0,1430.0,6948447
2025-03-14,1338.8641357421875,1400.0,1430.0,1390.0,1400.0,7153832
2025-03-17,1362.7724609375,1425.0,1440.0,1415.0,1415.0,4878893
2025-03-18,1410.589111328125,1475.0,1500.0,1445.0,1450.0,10224305
2025-03-19,1401.0257568359375,1465.0,1515.0,1460.0,1500.0,7855359
2025-03-20,1420.15234375,1485.0,1500.0,1465.0,1495.0,6419295
2025-03-21,1415.3707275390625,1480.0,1500.0,1475.0,1495.0,4597519
2025-03-24,1415.3707275390625,1480.0,1505.0,1480.0,1500.0,3925730
2025-03-25,1458.405517578125,1525.0,1540.0,1505.0,1505.0,7987673
2025-03-26,1448.84228515625,1515.0,1540.0,1515.0,1535.0,3637846
2025-03-27,1420.15234375,1485.0,1510.0,1480.0,1500.0,4779867
2025-03-28,1401.0257568359375,1465.0,1495.0,1455.0,1470.0,4529681
2025-03-31,1329.30078125,1390.0,1440.0,1390.0,1420.0,7884707
2025-04-01,1396.244140625,1460.0,1460.0,1410.0,1410.0,6469737
2025-04-02,1372.3358154296875,1435.0,1460.0,1435.0,1460.0,4501455
2025-04-07,1238.4493408203125,1295.0,1295.0,1295.0,1295.0,1801849
2025-04-08,1204.9779052734375,1260.0,1300.0,1225.0,1255.0,18444110
2025-04-09,1133.2529296875,1185.0,1255.0,1140.0,1250.0,19089246
2025-04-10,1243.2310791015625,1300.0,1300.0,1300.0,1300.0,1930024
2025-04-11,1324.5191650390625,1385.0,1395.0,1250.0,1280.0,16846917
2025-04-14,1338.8641357421875,1400.0,1425.0,1385.0,1410.0,12574667
2025-04-15,1324.5191650390625,1385.0,1415.0,1375.0,1405.0,6567345
2025-04-16,1305.392578125,1365.0,1385.0,1365.0,1370.0,5403460
2025-04-17,1281.484375,1340.0,1350.0,1315.0,1340.0,6686132
2025-04-18,1305.392578125,1365.0,1380.0,1345.0,1350.0,3455357
2025-04-21,1286.2659912109375,1345.0,1355.0,1325.0,1355.0,3022376
2025-04-22,1243.2310791015625,1300.0,1355.0,1300.0,1330.0,4954354
2025-04-23,1310.1741943359375,1370.0,1375.0,1340.0,1340.0,6070924
2025-04-24,1271.9208984375,1330.0,1375.0,1325.0,1375.0,6035060
2025-04-25,1319.737548828125,1380.0,1390.0,1370.0,1375.0,6909233
2025-04-28,1291.047607421875,1350.0,1390.0,1350.0,1385.0,5231320
2025-04-29,1310.1741943359375,1370.0,1370.0,1335.0,1350.0,5633730
2025-04-30,1291.047607421875,1350.0,1370.0,1350.0,1370.0,5374395
2025-05-02,1243.2310791015625,1300.0,1370.0,1290.0,1370.0,16309878
2025-05-05,1238.4493408203125,1295.0,1335.0,1290.0,1310.0,7202362
2025-05-06,1224.1043701171875,1280.0,1300.0,1275.0,1295.0,6945409
2025-05-07,1219.3226318359375,1275.0,1300.0,1265.0,1285.0,5876206
2025-05-08,1233.6676025390625,1290.0,1305.0,1275.0,1285.0,5977244
2025-05-09,1267.1392822265625,1325.0,1325.0,1280.0,1295.0,6464226
2025-05-12,1257.575927734375,1315.0,1325.0,1305.0,1320.0,5139679
2025-05-13,1295.829345703125,1355.0,1365.0,1345.0,1350.0,9166229
2025-05-14,1300.6109619140625,1360.0,1375.0,1345.0,1370.0,6039143
2025-05-15,1310.1741943359375,1370.0,1380.0,1350.0,1365.0,5523760
2025-05-16,1305.392578125,1365.0,1375.0,1360.0,1365.0,3498707
2025-05-19,1252.7943115234375,1310.0,1350.0,1310.0,1345.0,7045364
2025-05-20,1257.575927734375,1315.0,1350.0,1315.0,1330.0,5662042
2025-05-21,1281.484375,1340.0,1345.0,1320.0,1325.0,4399231
2025-05-22,1267.1392822265625,1325.0,1340.0,1320.0,1325.0,3287944
2025-05-23,1257.575927734375,1315.0,1340.0,1310.0,1335.0,4277084
2025-05-26,1224.1043701171875,1280.0,1305.0,1275.0,1305.0,7140240
2025-05-27,1224.1043701171875,1280.0,1290.0,1270.0,1280.0,6424061
2025-05-28,1224.1043701171875,1280.0,1305.0,1270.0,1300.0,7908648
2025-05-29,1204.9779052734375,1260.0,1305.0,1260.0,1285.0,19212826
2025-06-02,1204.9779052734375,1260.0,1270.0,1230.0,1250.0,10666133
2025-06-03,1219.3226318359375,1275.0,1290.0,1265.0,1270.0,5610470
2025-06-04,1219.3226318359375,1275.0,1290.0,1260.0,1280.0,10297345
2025-06-05,1190.6328125,1245.0,1265.0,1235.0,1260.0,15362134
2025-06-06,1224.1043701171875,1280.0,1280.0,1245.0,1250.0,10710374
2025-06-09,1228.885986328125,1285.0,1300.0,1275.0,1290.0,7952617
2025-06-10,1276.70263671875,1335.0,1335.0,1300.0,1300.0,11338136
2025-06-11,1257.575927734375,1315.0,1345.0,1305.0,1340.0,11700995
2025-06-12,1228.885986328125,1285.0,1305.0,1280.0,1300.0,10502334
2025-06-13,1195.4144287109375,1250.0,1265.0,1250.0,1255.0,8841922
2025-06-16,1200.1961669921875,1255.0,1270.0,1250.0,1260.0,4129774
2025-06-17,1219.3226318359375,1275.0,1280.0,1260.0,1260.0,5360829
2025-06-18,1228.885986328125,1285.0,1290.0,1260.0,1265.0,5525157
2025-06-19,1209.759521484375,1265.0,1285.0,1265.0,1280.0,4766573
2025-06-20,1195.4144287109375,1250.0,1275.0,1245.0,1265.0,5271667
2025-06-23,1200.1961669921875,1255.0,1260.0,1225.0,1230.0,4404035
2025-06-24,1214.541015625,1270.0,1285.0,1260.0,1275.0,4477491
2025-06-25,1238.4493408203125,1295.0,1300.0,1280.0,1280.0,5945025
2025-06-26,1233.6676025390625,1290.0,1300.0,1285.0,1295.0,5174101
2025-06-27,1228.885986328125,1285.0,1300.0,1280.0,1285.0,5856843
2025-06-30,1195.4144287109375,1250.0,1300.0,1250.0,1290.0,7763199
2025-07-01,1219.3226318359375,1275.0,1305.0,1265.0,1265.0,8523024
2025-07-02,1238.4493408203125,1295.0,1300.0,1275.0,1295.0,6784867
2025-07-03,1238.4495849609375,1270.0,1300.0,1270.0,1300.0,11618186
2025-07-04,1257.9527587890625,1290.0,1305.0,1285.0,1290.0,7096708
2025-07-07,1248.201171875,1280.0,1300.0,1280.0,1300.0,4446172
2025-07-08,1238.4495849609375,1270.0,1280.0,1265.0,1280.0,3529215
2025-07-09,1321.337890625,1355.0,1360.0,1280.0,1280.0,13138793
2025-07-10,1365.219970703125,1400.0,1400.0,1360.0,1375.0,11433007
2025-07-11,1384.72314453125,1420.0,1420.0,1390.0,1405.0,9744661
2025-07-14,1350.5926513671875,1385.0,1410.0,1385.0,1410.0,5631886
2025-07-15,1360.34423828125,1395.0,1405.0,1380.0,1385.0,4329964
2025-07-16,1374.9715576171875,1410.0,1415.0,1395.0,1395.0,5897943
2025-07-17,1355.468505859375,1390.0,1420.0,1385.0,1405.0,5213698
2025-07-18,1374.9715576171875,1410.0,1410.0,1400.0,1405.0,4870093
2025-07-21,1389.598876953125,1425.0,1445.0,1410.0,1415.0,5766633
2025-07-22,1394.474609375,1430.0,1455.0,1425.0,1440.0,7721986
2025-07-23,1394.474609375,1430.0,1455.0,1425.0,1455.0,4835003
2025-07-24,1394.474609375,1430.0,1450.0,1420.0,1445.0,4937526
2025-07-25,1394.474609375,1430.0,1445.0,1415.0,1430.0,5748883
2025-07-28,1365.219970703125,1400.0,1440.0,1385.0,1435.0,6885421
2025-07-29,1326.2137451171875,1360.0,1395.0,1350.0,1390.0,9487581
2025-07-30,1345.7169189453125,1380.0,1385.0,1360.0,1365.0,5594339
2025-07-31,1335.9652099609375,1370.0,1385.0,1340.0,1360.0,8942761
2025-08-04,1296.958984375,1330.0,1350.0,1330.0,1340.0,4830756
2025-08-05,1306.7105712890625,1340.0,1355.0,1340.0,1350.0,3718187
2025-08-06,1287.2073974609375,1320.0,1350.0,1320.0,1340.0,5412343
2025-08-07,1321.337890625,1355.0,1365.0,1345.0,1345.0,5024691
2025-08-08,1316.462158203125,1350.0,1360.0,1335.0,1355.0,5016534
2025-08-11,1321.337890625,1355.0,1370.0,1340.0,1350.0,3478971
2025-08-12,1326.2137451171875,1360.0,1370.0,1350.0,1360.0,3238403
2025-08-13,1335.9652099609375,1370.0,1385.0,1360.0,1370.0,7678115
2025-08-14,1355.468505859375,1390.0,1395.0,1365.0,1370.0,4387884
2025-08-15,1335.9652099609375,1370.0,1400.0,1370.0,1395.0,4043678
2025-08-18,1374.9715576171875,1410.0,1410.0,1375.0,1375.0,5827468
2025-08-19,1355.468505859375,1390.0,1430.0,1390.0,1415.0,6127596
2025-08-20,1321.337890625,1355.0,1390.0,1350.0,1380.0,6525541
2025-08-21,1331.0894775390625,1365.0,1375.0,1345.0,1350.0,4264972
2025-08-22,1331.0894775390625,1365.0,1375.0,1355.0,1365.0,2686120
2025-08-25,1374.9715576171875,1410.0,1410.0,1380.0,1385.0,4859204
2025-08-26,1365.219970703125,1400.0,1410.0,1380.0,1405.0,5024316
2025-08-27,1365.219970703125,1400.0,1410.0,1395.0,1405.0,3355567
2025-08-28,1350.5926513671875,1385.0,1405.0,1385.0,1395.0,3766722
2025-08-29,1335.9652099609375,1370.0,1405.0,1370.0,1390.0,3723539
2025-09-01,1326.2137451171875,1360.0,1380.0,1350.0,1370.0,3659694
2025-09-02,1326.2137451171875,1360.0,1380.0,1360.0,1360.0,3283160
2025-09-03,1360.34423828125,1395.0,1400.0,1370.0,1380.0,4604408
2025-09-04,1350.5926513671875,1385.0,1405.0,1380.0,1405.0,3400107
2025-09-05,1399.3505859375,1435.0,1435.0,1395.0,1400.0,8668643
2025-09-08,1394.474609375,1430.0,1460.0,1425.0,1450.0,6384542
2025-09-09,1472.4873046875,1510.0,1515.0,1435.0,1445.0,10954327
2025-09-10,1452.984130859375,1490.0,1520.0,1485.0,1520.0,6557814
2025-09-11,1443.2325439453125,1480.0,1510.0,1480.0,1505.0,4509127
2025-09-12,1448.1082763671875,1485.0,1500.0,1470.0,1495.0,4172705
2025-09-15,1448.1082763671875,1485.0,1495.0,1480.0,1490.0,2733745
2025-09-16,1496.8662109375,1535.0,1545.0,1495.0,1500.0,8152357
2025-09-17,1472.4873046875,1510.0,1545.0,1510.0,1545.0,4695051
2025-09-18,1472.4873046875,1510.0,1530.0,1495.0,1525.0,3539535
2025-09-19,1404.226318359375,1440.0,1505.0,1440.0,1500.0,13241946
2025-09-22,1370.0958251953125,1405.0,1430.0,1400.0,1425.0,8578839
2025-09-23,1340.841064453125,1375.0,1405.0,1375.0,1390.0,10776401
2025-09-24,1296.958984375,1330.0,1355.0,1330.0,1345.0,11129639
2025-09-25,1311.5863037109375,1345.0,1365.0,1330.0,1330.0,7547381
2025-09-26,1277.455810546875,1310.0,1350.0,1310.0,1345.0,6728741
2025-09-30,1282.33154296875,1315.0,1325.0,1290.0,1310.0,7200191
2025-10-01,1253.076904296875,1285.0,1305.0,1285.0,1305.0,6432244
2025-10-02,1248.201171875,1280.0,1300.0,1280.0,1290.0,8209274
2025-10-03,1287.2073974609375,1320.0,1325.0,1285.0,1285.0,6383512
2025-10-07,1292.083251953125,1325.0,1335.0,1305.0,1325.0,7016903
2025-10-08,1301.8348388671875,1335.0,1350.0,1325.0,1330.0,5034301
2025-10-09,1311.5863037109375,1345.0,1370.0,1335.0,1350.0,4738227
2025-10-13,1282.33154296875,1315.0,1330.0,1300.0,1330.0,7286313
2025-10-14,1272.580078125,1305.0,1340.0,1300.0,1330.0,5520842
2025-10-15,1282.33154296875,1315.0,1330.0,1300.0,1325.0,4146372
2025-10-16,1296.958984375,1330.0,1340.0,1320.0,1320.0,3748755
2025-10-17,1296.958984375,1330.0,1360.0,1325.0,1340.0,6827509
2025-10-20,1306.7105712890625,1340.0,1345.0,1325.0,1335.0,3287582
2025-10-21,1306.7105712890625,1340.0,1355.0,1335.0,1350.0,3905400
2025-10-22,1296.958984375,1330.0,1345.0,1325.0,1335.0,3704329
2025-10-23,1262.8284912109375,1295.0,1330.0,1290.0,1325.0,7752802
2025-10-27,1301.8348388671875,1335.0,1340.0,1310.0,1320.0,5678203
2025-10-28,1282.33154296875,1315.0,1335.0,1310.0,1330.0,4800134
2025-10-29,1267.7042236328125,1300.0,1330.0,1300.0,1305.0,7886343
2025-10-30,1277.455810546875,1310.0,1325.0,1300.0,1305.0,5190139
2025-10-31,1277.455810546875,1310.0,1325.0,1290.0,1300.0,7057671
2025-11-03,1267.7042236328125,1300.0,1325.0,1280.0,1310.0,10235098
2025-11-04,1282.33154296875,1315.0,1315.0,1285.0,1290.0,6324011
2025-11-05,1296.958984375,1330.0,1330.0,1285.0,1295.0,6722398
2025-11-06,1257.9527587890625,1290.0,1330.0,1290.0,1320.0,7307681
2025-11-07,1228.697998046875,1260.0,1295.0,1260.0,1285.0,7288497
2025-11-10,1218.9464111328125,1250.0,1260.0,1250.0,1250.0,5195821
2025-11-11,1209.19482421875,1240.0,1270.0,1240.0,1250.0,5414867
2025-11-12,1214.0706787109375,1245.0,1260.0,1240.0,1240.0,4199743
2025-11-13,1214.0706787109375,1245.0,1255.0,1235.0,1240.0,2865882
2025-11-14,1199.4432373046875,1230.0,1255.0,1225.0,1230.0,4154705
2025-11-17,1199.4432373046875,1230.0,1250.0,1225.0,1230.0,4804227
2025-11-18,1140.933837890625,1170.0,1220.0,1170.0,1220.0,9021735
2025-11-19,1131.182373046875,1160.0,1195.0,1150.0,1150.0,6293318
2025-11-20,1155.5611572265625,1185.0,1205.0,1170.0,1180.0,7131739
2025-11-21,1116.554931640625,1145.0,1155.0,1130.0,1130.0,7293277
2025-11-24,1121.4306640625,1150.0,1170.0,1145.0,1155.0,9436199
2025-11-25,1155.5611572265625,1185.0,1205.0,1175.0,1175.0,6872636
2025-11-26,1267.7042236328125,1300.0,1300.0,1215.0,1220.0,11771497
2025-11-27,1306.7105712890625,1340.0,1370.0,1325.0,1360.0,19171766
2025-11-28,1360.34423828125,1395.0,1410.0,1365.0,1375.0,17773470
2025-12-01,1409.10205078125,1445.0,1450.0,1400.0,1420.0,19274425
2025-12-02,1379.8472900390625,1415.0,1460.0,1410.0,1445.0,11326485
2025-12-03,1365.219970703125,1400.0,1435.0,1400.0,1405.0,9738032
2025-12-04,1370.0958251953125,1405.0,1415.0,1385.0,1405.0,6241494
2025-12-05,1389.598876953125,1425.0,1445.0,1405.0,1420.0,7682537
2025-12-08,1404.226318359375,1440.0,1440.0,1405.0,1430.0,5746578
2025-12-09,1384.72314453125,1420.0,1440.0,1415.0,1435.0,4993367
2025-12-10,1423.7293701171875,1460.0,1460.0,1425.0,1435.0,8224726
2025-12-11,1360.34423828125,1395.0,1450.0,1395.0,1445.0,8965596
2025-12-12,1370.0958251953125,1405.0,1415.0,1380.0,1390.0,5029971
2025-12-15,1384.72314453125,1420.0,1450.0,1385.0,1385.0,9540796
2025-12-16,1384.72314453125,1420.0,1450.0,1415.0,1420.0,8922061
2025-12-17,1389.598876953125,1425.0,1455.0,1425.0,1435.0,8490679
2025-12-18,1384.72314453125,1420.0,1445.0,1415.0,1425.0,5247800
2025-12-19,1374.9715576171875,1410.0,1445.0,1410.0,1440.0,8034656
2025-12-22,1365.219970703125,1400.0,1435.0,1390.0,1430.0,5675053
2025-12-23,1355.468505859375,1390.0,1405.0,1380.0,1405.0,5114619
2025-12-24,1345.7169189453125,1380.0,1400.0,1380.0,1395.0,3022674
2025-12-26,1350.5926513671875,1385.0,1395.0,1380.0,1390.0,3000352
2025-12-29,1384.72314453125,1420.0,1425.0,1380.0,1390.0,6343754
2025-12-30,1384.72314453125,1420.0,1430.0,1400.0,1405.0,4276067
2025-12-31,1394.474609375,1430.0,1450.0,1415.0,1420.0,6354048
2026-01-02,1433.48095703125,1470.0,1495.0,1440.0,1450.0,11449412
2026-01-05,1487.1146240234375,1525.0,1530.0,1495.0,1510.0,13343442
2026-01-06,1476.179931640625,1485.0,1505.0,1480.0,1505.0,7914854
2026-01-07,1481.1502685546875,1490.0,1505.0,1475.0,1490.0,7065696
2026-01-08,1436.41748046875,1445.0,1500.0,1435.0,1495.0,8133244
2026-01-09,1411.5660400390625,1420.0,1460.0,1415.0,1455.0,7989973
2026-01-12,1436.41748046875,1445.0,1450.0,1425.0,1445.0,4084929
2026-01-13,1476.179931640625,1485.0,1485.0,1450.0,1455.0,9900355
2026-01-14,1491.0908203125,1500.0,1500.0,1480.0,1485.0,6058106
2026-01-15,1481.1502685546875,1490.0,1500.0,1465.0,1500.0,7795923
2026-01-16,1496.0611572265625,1505.0,1525.0,1490.0,1500.0,10170235
2026-01-19,1476.179931640625,1485.0,1510.0,1465.0,1510.0,5649790
2026-01-20,1476.179931640625,1485.0,1500.0,1470.0,1480.0,5623268
2026-01-21,1456.2987060546875,1465.0,1495.0,1450.0,1470.0,8433519
2026-01-22,1476.179931640625,1485.0,1525.0,1465.0,1495.0,7732602
2026-01-23,1620.3187255859375,1630.0,1630.0,1525.0,1525.0,21949189
2026-01-26,1759.4871826171875,1770.0,1790.0,1720.0,1740.0,23813770
2026-01-27,1764.45751953125,1775.0,1820.0,1750.0,1755.0,11706065
2026-01-28,1769.4278564453125,1780.0,1800.0,1740.0,1755.0,9806198
2026-01-29,1769.4278564453125,1780.0,1815.0,1770.0,1780.0,9803415
2026-01-30,1749.546630859375,1760.0,1775.0,1735.0,1770.0,10669850
2026-02-02,1694.873291015625,1705.0,1740.0,1685.0,1715.0,8793337
2026-02-03,1784.3387451171875,1795.0,1805.0,1720.0,1740.0,11037015
2026-02-04,1789.30908203125,1800.0,1810.0,1740.0,1760.0,11261034
2026-02-05,1759.4871826171875,1770.0,1800.0,1740.0,1750.0,15699947
2026-02-06,1699.8436279296875,1710.0,1755.0,1690.0,1745.0,10786108
2026-02-09,1819.130859375,1830.0,1870.0,1760.0,1760.0,11613075
2026-02-10,1834.041748046875,1845.0,1865.0,1820.0,1860.0,10813438
2026-02-11,1843.982421875,1855.0,1865.0,1795.0,1795.0,8232637
2026-02-23,1784.3387451171875,1795.0,1880.0,1790.0,1880.0,15948909
2026-02-24,1814.1605224609375,1825.0,1825.0,1795.0,1810.0,6740003
2026-02-25,1858.893310546875,1870.0,1870.0,1830.0,1840.0,7857623
2026-02-26,1933.4478759765625,1945.0,1975.0,1850.0,1895.0,13692370
2026-03-02,1888.715087890625,1900.0,1945.0,1880.0,1945.0,8811661
2026-03-03,1804.219970703125,1815.0,1910.0,1815.0,1900.0,9621376
2026-03-04,1709.7841796875,1720.0,1780.0,1715.0,1760.0,11024269
2026-03-05,1764.45751953125,1775.0,1800.0,1750.0,1760.0,7826693
2026-03-06,1754.5169677734375,1765.0,1790.0,1735.0,1745.0,4418206
2026-03-09,1655.11083984375,1665.0,1665.0,1610.0,1620.0,11475137
2026-03-10,1694.873291015625,1705.0,1730.0,1685.0,1730.0,5273491
2026-03-11,1754.5169677734375,1765.0,1780.0,1720.0,1760.0,5783121
2026-03-12,1774.3980712890625,1785.0,1815.0,1735.0,1745.0,6354849
2026-03-13,1709.7841796875,1720.0,1745.0,1720.0,1730.0,6467628
2026-03-16,1699.8436279296875,1710.0,1740.0,1710.0,1720.0,4423319
2026-03-17,1719.724853515625,1730.0,1740.0,1715.0,1730.0,4260491
2026-03-18,1719.724853515625,1730.0,1745.0,1725.0,1730.0,6009078
2026-03-19,1670.021728515625,1680.0,1705.0,1665.0,1700.0,6764438
2026-03-20,1689.9029541015625,1700.0,1715.0,1655.0,1685.0,7874444
2026-03-23,1615.348388671875,1625.0,1645.0,1600.0,1630.0,6372639
2026-03-24,1610.378173828125,1620.0,1665.0,1600.0,1655.0,5324085
2026-03-25,1610.378173828125,1620.0,1665.0,1620.0,1665.0,5839950
2026-03-26,1580.5562744140625,1590.0,1640.0,1590.0,1610.0,7031916
2026-03-27,1575.5860595703125,1585.0,1585.0,1545.0,1560.0,6833766
2026-03-30,1501.031494140625,1510.0,1555.0,1505.0,1540.0,7235491
2026-03-31,1481.1502685546875,1490.0,1540.0,1490.0,1525.0,10218910
2026-04-01,1456.2987060546875,1465.0,1550.0,1460.0,1550.0,10756280
2026-04-02,1456.2987060546875,1465.0,1510.0,1445.0,1500.0,8691522
2026-04-07,1461.26904296875,1470.0,1480.0,1430.0,1480.0,6910617
2026-04-08,1570.61572265625,1580.0,1585.0,1505.0,1520.0,12976420
2026-04-09,1565.6453857421875,1575.0,1600.0,1550.0,1600.0,8061675
2026-04-10,1565.6453857421875,1575.0,1605.0,1570.0,1600.0,5381936
2026-04-13,1610.378173828125,1620.0,1665.0,1620.0,1645.0,8802674
2026-04-14,1709.7841796875,1720.0,1745.0,1640.0,1645.0,11909857
2026-04-15,1779.368408203125,1790.0,1845.0,1770.0,1805.0,20848384
2026-04-16,1883.7447509765625,1895.0,1930.0,1810.0,1850.0,16504496
2026-04-17,1913.566650390625,1925.0,1955.0,1885.0,1930.0,15450213
2026-04-20,1888.715087890625,1900.0,1965.0,1895.0,1960.0,11027820
2026-04-21,2077.586669921875,2090.0,2090.0,1925.0,1930.0,17347421
2026-04-22,2281.369140625,2295.0,2295.0,2110.0,2120.0,23044579
2026-04-23,2201.84423828125,2215.0,2335.0,2170.0,2325.0,28172336
2026-04-24,2420.53759765625,2435.0,2435.0,2330.0,2340.0,21684950
2026-04-27,2420.53759765625,2435.0,2575.0,2410.0,2470.0,23842383
2026-04-28,2599.468505859375,2615.0,2675.0,2485.0,2490.0,22923298
2026-04-29,2559.7060546875,2575.0,2595.0,2500.0,2550.0,11761568
2026-04-30,2594.498046875,2610.0,2685.0,2565.0,2665.0,16785387
2026-05-04,2852.953857421875,2870.0,2870.0,2870.0,2870.0,3450749
2026-05-05,3136.26123046875,3155.0,3155.0,3155.0,3155.0,8515330
2026-05-06,3409.627685546875,3430.0,3470.0,3155.0,3470.0,36338977
2026-05-07,3399.687255859375,3420.0,3430.0,3295.0,3430.0,7619708
2026-05-08,3608.43994140625,3630.0,3670.0,3320.0,3320.0,8599780
2026-05-11,3856.955078125,3880.0,3985.0,3565.0,3575.0,7943859
2026-05-12,3678.024169921875,3700.0,3910.0,3700.0,3835.0,9538278
2026-05-13,3474.24169921875,3495.0,3680.0,3400.0,3625.0,8651831
2026-05-14,3384.7763671875,3405.0,3590.0,3385.0,3585.0,6305692
2026-05-15,3240.637451171875,3260.0,3555.0,3200.0,3425.0,6680609
2026-05-18,3379.805908203125,3400.0,3550.0,3150.0,3240.0,6249186
2026-05-19,3136.26123046875,3155.0,3495.0,3100.0,3475.0,8398806
2026-05-20,3210.815673828125,3230.0,3350.0,3155.0,3195.0,8111772
2026-05-21,3528.9150390625,3550.0,3550.0,3405.0,3415.0,5636155
2026-05-22,3837.07373046875,3860.0,3880.0,3675.0,3765.0,19537258
2026-05-25,4219.787109375,4245.0,4245.0,4245.0,4245.0,4181502
2026-05-26,4239.66845703125,4265.0,4440.0,4180.0,4375.0,18199859
2026-05-27,4612.44091796875,4640.0,4690.0,4450.0,4475.0,16927911
2026-05-28,4383.80712890625,4410.0,4685.0,4270.0,4620.0,14431497
2026-05-29,4284.40087890625,4310.0,4485.0,4235.0,4460.0,20620831
2026-06-01,4527.94580078125,4555.0,4710.0,4440.0,4440.0,17045894
2026-06-02,4498.1240234375,4525.0,4970.0,4380.0,4970.0,14145620
2026-06-03,4518.00537109375,4545.0,4650.0,4420.0,4540.0,9478437
2026-06-04,4403.6884765625,4430.0,4685.0,4430.0,4600.0,8958387
2026-06-05,4274.46044921875,4300.0,4430.0,4130.0,4360.0,10685775
2026-06-08,4045.82666015625,4070.0,4090.0,3935.0,3935.0,14355996
2026-06-09,4448.4208984375,4475.0,4475.0,4130.0,4180.0,14307617
2026-06-10,4130.32177734375,4155.0,4520.0,4120.0,4315.0,14357119
2026-06-11,4060.737548828125,4085.0,4150.0,3880.0,4085.0,15367556
2026-06-12,4155.17333984375,4180.0,4415.0,4165.0,4410.0,7806177
2026-06-15,4443.45068359375,4470.0,4545.0,4350.0,4355.0,10400900
2026-06-16,4532.916015625,4560.0,4565.0,4415.0,4550.0,9691060
2026-06-17,4433.51025390625,4460.0,4535.0,4380.0,4495.0,8409268
2026-06-18,4363.92578125,4390.0,4590.0,4375.0,4535.0,12120210
2026-06-22,4438.48046875,4465.0,4565.0,4380.0,4385.0,10836913
2026-06-23,4508.06494140625,4535.0,4785.0,4515.0,4720.0,17083744
2026-06-24,4259.5498046875,4285.0,4515.0,4225.0,4480.0,14381860
2026-06-25,4284.40087890625,4310.0,4445.0,4215.0,4400.0,9704419
2026-06-26,3856.955078125,3880.0,4185.0,3880.0,4150.0,20184014
2026-06-29,3886.77685546875,3910.0,4000.0,3825.0,3870.0,9868422
2026-06-30,4219.787109375,4245.0,4300.0,4060.0,4145.0,13992183
2026-07-01,4309.25244140625,4335.0,4380.0,4225.0,4315.0,8491537
2026-07-02,4319.193359375,4345.0,4380.0,4150.0,4200.0,6530007
2026-07-03,4170.083984375,4195.0,4230.0,4120.0,4160.0,11145005
2026-07-06,4100.5,4125.0,4325.0,4110.0,4250.0,6323968
2026-07-07,4030.0,4030.0,4250.0,3955.0,4200.0,7887821
2026-07-08,3995.0,3995.0,4040.0,3955.0,4000.0,6014430
2026-07-09,3925.0,3925.0,4050.0,3925.0,3970.0,5695649
2026-07-10,3925.0,3925.0,3925.0,3925.0,3925.0,0
2026-07-13,3825.0,3825.0,4095.0,3825.0,4095.0,6086965
2026-07-14,3660.0,3660.0,3860.0,3515.0,3830.0,10809030
2026-07-15,3740.0,3740.0,3790.0,3665.0,3790.0,6780265
2026-07-16,3700.0,3700.0,3755.0,3620.0,3735.0,5480451
2026-07-17,3370.0,3370.0,3570.0,3370.0,3470.0,9354981
2026-07-20,3340.0,3340.0,3435.0,3240.0,3355.0,8603375
2026-07-21,3670.0,3670.0,3670.0,3410.0,3435.0,7291531
2026-07-22,3850.0,3850.0,4000.0,3830.0,4000.0,13032635
2026-07-23,3875.0,3875.0,4050.0,3850.0,3950.0,7792039
2026-07-24,3750.0,3750.0,4010.0,3750.0,3805.0,8402604
2026-07-27,3680.0,3680.0,3710.0,3525.0,3655.0,8434819
2026-07-28,3315.0,3315.0,3460.0,3315.0,3425.0,10269157
2026-07-29,3150.0,3150.0,3335.0,2990.0,3315.0,14988381
2026-07-30,3235.0,3235.0,3410.0,3060.0,3145.0,13498456
2026-07-31,3555.0,3555.0,3555.0,3555.0,3555.0,2827677
2026-08-03,3910.0,3910.0,3910.0,3780.0,3910.0,6559473
2026-08-04,3865.0,3865.0,4095.0,3800.0,4095.0,15985914
2026-08-05,4000.0,4000.0,4125.0,3980.0,4095.0,11200917
2026-08-06,3920.0,3920.0,4100.0,3905.0,4100.0,6750437
2026-08-07,3900.0,3900.0,4010.0,3825.0,3990.0,6122456
2026-08-10,3960.0,3960.0,3995.0,3915.0,3920.0,5520852
2026-08-11,4020.0,4020.0,4050.0,3810.0,3900.0,7639731
