Ticker,T_action,Threshold,HitDate,HitLag,State,Bias3DownSeen,MTM3DownSeen,DMDownSeen,Post1D,Post3D,Post5D,Final10D_from_Taction
2882,2021-12-29,-2,2022-01-03,2,MOMENTUM_DETERIORATION,True,True,False,0.6493561631127021,0.6493561631127021,0.8116889141178696,6.984137058413076
2882,2022-08-11,-2,2022-08-24,9,MOMENTUM_DETERIORATION,True,True,False,0.43149474447274905,-1.6181199204135077,-3.8834944963710094,-1.377122078846571
2882,2022-08-11,-2,2022-08-24,9,MOMENTUM_DETERIORATION,True,True,False,0.43149474447274905,-1.6181199204135077,-3.8834944963710094,-1.377122078846571
2882,2022-08-11,-2,2022-08-24,9,MOMENTUM_DETERIORATION,True,True,False,0.43149474447274905,-1.6181199204135077,-3.8834944963710094,-1.377122078846571
2882,2023-05-11,-2,2023-05-12,1,MOMENTUM_DETERIORATION,True,True,False,1.6412589055065707,3.0480637527568133,5.861664503067043,0.8009118261112613
2882,2023-05-11,-2,2023-05-12,1,MOMENTUM_DETERIORATION,True,True,False,1.6412589055065707,3.0480637527568133,5.861664503067043,0.8009118261112613
2882,2023-05-19,-2,2023-05-25,4,MOMENTUM_DETERIORATION,True,True,False,-0.3405169438809974,1.0215681514946562,-0.11350564796033247,-1.5503892342910053
2882,2023-05-19,-3,2023-05-26,5,MOMENTUM_DETERIORATION,True,True,False,1.9362151357102508,0.9111564858280019,1.2528455989604614,-1.5503892342910053
2882,2023-09-12,-2,2023-09-20,6,DM_STATE_CHANGE,True,True,True,-1.7505453472755894,-1.8599612136279808,-2.4070071563552675,-4.715971470481117
2882,2023-09-12,-3,2023-09-21,7,DM_STATE_CHANGE,True,True,True,-0.44543598250030847,-1.0022288366295151,-0.7795150933717188,-4.715971470481117
2330,2022-01-04,-2,2022-01-06,2,EARLY_WARNING,True,False,False,-1.552795031055898,1.0869565217391353,2.6397515527950333,0.9146341463414531
2330,2022-01-04,-3,2022-01-06,2,EARLY_WARNING,True,False,False,-1.552795031055898,1.0869565217391353,2.6397515527950333,0.9146341463414531
2330,2022-05-31,-2,2022-06-01,1,EARLY_WARNING,True,False,False,-1.6393442622950838,-2.5500910746812377,-1.4571948998178486,-9.107142857142858
2330,2022-05-31,-3,2022-06-02,2,MOMENTUM_DETERIORATION,True,True,False,0.0,0.7407407407407307,-1.851851851851849,-9.107142857142858
2330,2022-05-31,-5,2022-06-07,4,MOMENTUM_DETERIORATION,True,True,False,1.6822429906542036,-0.9345794392523366,-4.112149532710285,-9.107142857142858
2330,2022-06-08,-2,2022-06-10,2,MOMENTUM_DETERIORATION,True,True,False,-2.6415094339622636,-3.9622641509433953,-5.471698113207546,-9.099264705882348
2330,2022-06-08,-3,2022-06-13,3,DM_STATE_CHANGE,True,True,True,-0.5813953488372103,-1.5503875968992276,-3.488372093023251,-9.099264705882348
2330,2022-06-08,-5,2022-06-13,3,DM_STATE_CHANGE,True,True,True,-0.5813953488372103,-1.5503875968992276,-3.488372093023251,-9.099264705882348
2330,2023-03-23,-2,2023-03-28,3,MOMENTUM_DETERIORATION,True,True,False,0.952380952380949,1.5238095238095273,1.1428571428571344,-2.6022304832713727
2330,2023-03-30,-2,2023-04-11,5,DM_STATE_CHANGE,True,True,True,-0.7633587786259555,-1.526717557251911,-1.717557251908397,-3.738317757009346
2330,2023-03-30,-3,2023-04-12,6,DM_STATE_CHANGE,True,True,True,-1.9230769230769273,0.0,-1.9230769230769273,-3.738317757009346
2330,2023-03-30,-2,2023-04-11,5,DM_STATE_CHANGE,True,True,True,-0.7633587786259555,-1.526717557251911,-1.717557251908397,-3.738317757009346
2330,2023-03-30,-3,2023-04-12,6,DM_STATE_CHANGE,True,True,True,-1.9230769230769273,0.0,-1.9230769230769273,-3.738317757009346
2330,2023-03-30,-2,2023-04-11,5,DM_STATE_CHANGE,True,True,True,-0.7633587786259555,-1.526717557251911,-1.717557251908397,-3.738317757009346
2330,2023-03-30,-3,2023-04-12,6,DM_STATE_CHANGE,True,True,True,-1.9230769230769273,0.0,-1.9230769230769273,-3.738317757009346
2330,2023-12-27,-2,2024-01-03,4,DM_STATE_CHANGE,True,True,True,0.34602076124568004,0.865051903114189,1.038062283737018,-1.0135135135135087
2330,2023-12-27,-3,2024-01-05,6,DM_STATE_CHANGE,True,True,True,1.215277777777768,1.388888888888884,1.388888888888884,-1.0135135135135087
2330,2023-12-27,-2,2024-01-03,4,DM_STATE_CHANGE,True,True,True,0.34602076124568004,0.865051903114189,1.038062283737018,-1.0135135135135087
2330,2023-12-27,-3,2024-01-05,6,DM_STATE_CHANGE,True,True,True,1.215277777777768,1.388888888888884,1.388888888888884,-1.0135135135135087
2330,2023-12-27,-2,2024-01-03,4,DM_STATE_CHANGE,True,True,True,0.34602076124568004,0.865051903114189,1.038062283737018,-1.0135135135135087
2330,2023-12-27,-3,2024-01-05,6,DM_STATE_CHANGE,True,True,True,1.215277777777768,1.388888888888884,1.388888888888884,-1.0135135135135087
2330,2023-12-28,-2,2024-01-03,3,DM_STATE_CHANGE,True,True,True,0.34602076124568004,0.865051903114189,1.038062283737018,-1.5177065767284947
2330,2023-12-28,-3,2024-01-05,5,DM_STATE_CHANGE,True,True,True,1.215277777777768,1.388888888888884,1.388888888888884,-1.5177065767284947
2330,2024-01-25,-2,2024-01-31,4,MOMENTUM_DETERIORATION,True,True,False,0.0,2.866242038216571,8.757961783439484,5.607476635514019
2330,2024-01-25,-3,2024-02-01,5,MOMENTUM_DETERIORATION,True,True,False,1.1146496815286566,10.987261146496818,7.961783439490455,5.607476635514019
2330,2024-09-24,-2,2024-09-30,4,MOMENTUM_DETERIORATION,True,True,False,1.5673981191222541,5.0156739811912265,6.583072100313481,5.876393110435663
2330,2024-09-24,-3,2024-09-30,4,MOMENTUM_DETERIORATION,True,True,False,1.5673981191222541,5.0156739811912265,6.583072100313481,5.876393110435663
2330,2024-09-25,-2,2024-09-30,3,MOMENTUM_DETERIORATION,True,True,False,1.5673981191222541,5.0156739811912265,6.583072100313481,3.9800995024875663
2330,2024-09-25,-3,2024-09-30,3,MOMENTUM_DETERIORATION,True,True,False,1.5673981191222541,5.0156739811912265,6.583072100313481,3.9800995024875663
2330,2025-01-07,-2,2025-01-08,1,EARLY_WARNING,True,False,False,-0.4524886877828038,-2.714932126696834,-3.6199095022624417,-0.8849557522123908
2330,2025-01-07,-3,2025-01-13,4,DM_STATE_CHANGE,True,True,True,1.3953488372093092,2.7906976744185963,4.1860465116279055,-0.8849557522123908
2330,2025-01-07,-5,2025-01-13,4,DM_STATE_CHANGE,True,True,True,1.3953488372093092,2.7906976744185963,4.1860465116279055,-0.8849557522123908
2330,2025-06-11,-2,2025-06-13,2,MOMENTUM_DETERIORATION,True,True,False,-0.4854368932038833,2.4271844660194164,2.4271844660194164,0.46948356807512415
2330,2025-06-11,-3,2025-06-13,2,MOMENTUM_DETERIORATION,True,True,False,-0.4854368932038833,2.4271844660194164,2.4271844660194164,0.46948356807512415
2330,2025-08-12,-2,2025-08-20,6,DM_STATE_CHANGE,True,True,True,1.3215859030837107,3.083700440528636,4.8458149779735615,-0.4237288135593209
2330,2025-08-12,-3,2025-08-20,6,DM_STATE_CHANGE,True,True,True,1.3215859030837107,3.083700440528636,4.8458149779735615,-0.4237288135593209
2330,2025-12-10,-2,2025-12-11,1,MOMENTUM_DETERIORATION,True,True,False,0.6802721088435382,-2.3809523809523836,-2.7210884353741527,-0.6644518272425293
2330,2025-12-10,-3,2025-12-15,3,MOMENTUM_DETERIORATION,True,True,False,-1.0344827586206917,-1.379310344827589,1.0344827586206806,-0.6644518272425293
2330,2025-12-10,-5,2025-12-16,4,DM_STATE_CHANGE,True,True,True,-0.34843205574912606,-0.34843205574912606,3.832752613240409,-0.6644518272425293
2454,2021-12-27,-2,2022-01-06,7,MOMENTUM_DETERIORATION,True,True,False,-3.083700440528636,-4.845814977973573,-3.083700440528636,-5.676855895196509
2454,2021-12-27,-3,2022-01-06,7,MOMENTUM_DETERIORATION,True,True,False,-3.083700440528636,-4.845814977973573,-3.083700440528636,-5.676855895196509
2454,2021-12-27,-5,2022-01-10,9,DM_STATE_CHANGE,True,True,True,-1.3698630136986356,0.45662100456620447,1.82648401826484,-5.676855895196509
2454,2022-02-17,-2,2022-02-18,1,EARLY_WARNING,True,False,False,0.8928571428571397,0.0,-3.125,-9.292035398230091
2454,2022-02-17,-3,2022-02-22,3,MOMENTUM_DETERIORATION,True,True,False,0.9009009009008917,-2.2522522522522515,-2.7027027027026973,-9.292035398230091
2454,2022-02-17,-5,2022-02-24,5,DM_STATE_CHANGE,True,True,True,2.358490566037741,1.8867924528301883,-3.301886792452835,-9.292035398230091
2454,2022-05-31,-2,2022-06-13,8,MOMENTUM_DETERIORATION,True,True,False,-0.7891770011273946,-1.5783540022547893,-5.29875986471251,-2.3204419889502725
2454,2022-05-31,-3,2022-06-14,9,MOMENTUM_DETERIORATION,True,True,False,0.454545454545463,-5.568181818181817,-1.3636363636363669,-2.3204419889502725
2454,2022-06-08,-2,2022-06-13,3,MOMENTUM_DETERIORATION,True,True,False,-0.7891770011273946,-1.5783540022547893,-5.29875986471251,-13.225806451612899
2454,2022-06-08,-3,2022-06-13,3,MOMENTUM_DETERIORATION,True,True,False,-0.7891770011273946,-1.5783540022547893,-5.29875986471251,-13.225806451612899
2454,2022-06-08,-5,2022-06-14,4,MOMENTUM_DETERIORATION,True,True,False,0.454545454545463,-5.568181818181817,-1.3636363636363669,-13.225806451612899
2454,2023-03-06,-2,2023-03-08,2,MOMENTUM_DETERIORATION,True,True,False,-0.13020833333333703,-0.520833333333337,-1.302083333333337,-1.7857142857142905
2454,2023-03-06,-3,2023-03-10,4,MOMENTUM_DETERIORATION,True,True,False,1.0582010582010692,0.2645502645502562,2.2486772486772555,-1.7857142857142905
2454,2023-03-06,-5,2023-03-13,5,DM_STATE_CHANGE,True,True,True,-0.39267015706806463,-1.0471204188481686,0.7853403141361293,-1.7857142857142905
2454,2023-05-23,-2,2023-05-24,1,INTACT,False,False,False,-0.42194092827003704,3.797468354430378,6.7510548523206815,5.72625698324023
2454,2023-09-05,-2,2023-09-08,3,MOMENTUM_DETERIORATION,True,True,False,0.7052186177715081,3.244005641748937,7.616361071932309,7.660167130919215
2454,2024-02-15,-2,2024-02-19,2,EARLY_WARNING,True,False,False,1.9730010384215957,5.399792315680174,15.784008307372787,13.683127572016463
2454,2024-02-15,-2,2024-02-19,2,EARLY_WARNING,True,False,False,1.9730010384215957,5.399792315680174,15.784008307372787,13.683127572016463
2454,2025-09-09,-2,2025-09-12,3,MOMENTUM_DETERIORATION,True,True,False,0.0,1.683501683501687,-3.0303030303030276,-8.94039735099338
2454,2025-09-09,-3,2025-09-19,8,MOMENTUM_DETERIORATION,True,True,False,-2.430555555555558,-7.638888888888884,-9.027777777777779,-8.94039735099338
2454,2025-09-09,-5,2025-09-22,9,DM_STATE_CHANGE,True,True,True,-2.135231316725983,-4.270462633451954,-6.4056939501779375,-8.94039735099338
2454,2025-09-09,-2,2025-09-12,3,MOMENTUM_DETERIORATION,True,True,False,0.0,1.683501683501687,-3.0303030303030276,-8.94039735099338
2454,2025-09-09,-3,2025-09-19,8,MOMENTUM_DETERIORATION,True,True,False,-2.430555555555558,-7.638888888888884,-9.027777777777779,-8.94039735099338
2454,2025-09-09,-5,2025-09-22,9,DM_STATE_CHANGE,True,True,True,-2.135231316725983,-4.270462633451954,-6.4056939501779375,-8.94039735099338
2454,2025-09-16,-2,2025-09-18,2,EARLY_WARNING,True,False,False,-4.635761589403975,-8.94039735099338,-10.927152317880795,-16.28664495114006
2454,2025-09-16,-3,2025-09-19,3,MOMENTUM_DETERIORATION,True,True,False,-2.430555555555558,-7.638888888888884,-9.027777777777779,-16.28664495114006
2454,2025-09-16,-5,2025-09-19,3,MOMENTUM_DETERIORATION,True,True,False,-2.430555555555558,-7.638888888888884,-9.027777777777779,-16.28664495114006
2454,2026-01-05,-2,2026-01-06,1,EARLY_WARNING,True,False,False,0.33670033670034627,-4.377104377104379,0.0,-2.622950819672132
2454,2026-01-05,-3,2026-01-07,2,EARLY_WARNING,True,False,False,-3.0201342281879207,-3.0201342281879207,0.6711409395973256,-2.622950819672132
2454,2026-01-05,-5,2026-01-08,3,MOMENTUM_DETERIORATION,True,True,False,-1.730103806228378,2.768166089965396,3.114186851211076,-2.622950819672132
2454,2026-01-05,-2,2026-01-06,1,EARLY_WARNING,True,False,False,0.33670033670034627,-4.377104377104379,0.0,-2.622950819672132
2454,2026-01-05,-3,2026-01-07,2,EARLY_WARNING,True,False,False,-3.0201342281879207,-3.0201342281879207,0.6711409395973256,-2.622950819672132
2454,2026-01-05,-5,2026-01-08,3,MOMENTUM_DETERIORATION,True,True,False,-1.730103806228378,2.768166089965396,3.114186851211076,-2.622950819672132
0050,2022-06-08,-2,2022-06-13,3,MOMENTUM_DETERIORATION,True,True,False,-0.16188148336420127,-0.8498608060073853,-3.0756802573010944,-7.220499092706268
0050,2022-06-08,-3,2022-06-13,3,MOMENTUM_DETERIORATION,True,True,False,-0.16188148336420127,-0.8498608060073853,-3.0756802573010944,-7.220499092706268
0050,2022-06-08,-5,2022-06-14,4,DM_STATE_CHANGE,True,True,True,-0.486419522937398,-2.0267531665389527,-0.9323076936398889,-7.220499092706268
0050,2024-09-25,-2,2024-09-30,3,MOMENTUM_DETERIORATION,True,True,False,-0.19026412097470358,2.2832275172170347,2.745312930436583,2.423437044877663
0050,2024-09-25,-2,2024-09-30,3,MOMENTUM_DETERIORATION,True,True,False,-0.19026412097470358,2.2832275172170347,2.745312930436583,2.423437044877663
0050,2025-01-07,-2,2025-01-09,2,MOMENTUM_DETERIORATION,True,True,False,-0.025120849530868572,-1.733231296331661,-0.5023863273892926,-2.78864829669655
0050,2025-01-07,-3,2025-01-10,3,MOMENTUM_DETERIORATION,True,True,False,-2.3115608560380196,-2.462308490695664,-1.3567823860513473,-2.78864829669655
0050,2025-01-07,-5,2025-01-13,4,DM_STATE_CHANGE,True,True,True,0.6172902493352339,1.877576784913404,2.006177611996307,-2.78864829669655
0050,2025-12-08,-2,2025-12-15,5,MOMENTUM_DETERIORATION,True,True,False,-0.8757949741119986,-1.4331173919035933,0.9554176689611671,-0.47095641046692727
0050,2025-12-08,-3,2025-12-16,6,MOMENTUM_DETERIORATION,True,True,False,-0.5622465447728375,0.40160642570281624,2.3293184946818535,-0.47095641046692727
0050,2026-02-11,-2,2026-03-04,7,MOMENTUM_DETERIORATION,True,True,False,2.3809564657252924,-2.645502698898372,3.439151490209502,-4.663210643045323
0050,2026-02-11,-3,2026-03-09,10,DM_STATE_CHANGE,True,True,True,2.1739110153428554,4.076087041027376,2.7173913606849176,-4.663210643045323
0050,2026-02-11,-5,2026-03-09,10,DM_STATE_CHANGE,True,True,True,2.1739110153428554,4.076087041027376,2.7173913606849176,-4.663210643045323
0050,2026-02-24,-2,2026-03-04,5,MOMENTUM_DETERIORATION,True,True,False,2.3809564657252924,-2.645502698898372,3.439151490209502,-1.5113407488356323
0050,2026-02-24,-3,2026-03-04,5,MOMENTUM_DETERIORATION,True,True,False,2.3809564657252924,-2.645502698898372,3.439151490209502,-1.5113407488356323
0050,2026-02-24,-5,2026-03-09,8,DM_STATE_CHANGE,True,True,True,2.1739110153428554,4.076087041027376,2.7173913606849176,-1.5113407488356323
2603,2022-04-21,-2,2022-04-25,2,MOMENTUM_DETERIORATION,True,True,False,-0.35842293906810374,-1.0752688172043001,5.017921146953408,5.841924398625431
2603,2022-04-21,-3,2022-04-25,2,MOMENTUM_DETERIORATION,True,True,False,-0.35842293906810374,-1.0752688172043001,5.017921146953408,5.841924398625431
2603,2022-04-21,-5,2022-04-27,4,MOMENTUM_DETERIORATION,True,True,False,-1.4285714285714235,4.642857142857149,8.92857142857142,5.841924398625431
2603,2022-05-04,-2,2022-05-09,3,MOMENTUM_DETERIORATION,True,True,False,1.3605442176870763,-5.442176870748295,-6.4625850340136015,-9.24092409240924
2603,2022-05-04,-3,2022-05-10,4,MOMENTUM_DETERIORATION,True,True,False,-3.0201342281879207,-3.691275167785235,-9.060402684563762,-9.24092409240924
2603,2022-05-04,-5,2022-05-10,4,MOMENTUM_DETERIORATION,True,True,False,-3.0201342281879207,-3.691275167785235,-9.060402684563762,-9.24092409240924
2603,2022-05-04,-2,2022-05-09,3,MOMENTUM_DETERIORATION,True,True,False,1.3605442176870763,-5.442176870748295,-6.4625850340136015,-9.24092409240924
2603,2022-05-04,-3,2022-05-10,4,MOMENTUM_DETERIORATION,True,True,False,-3.0201342281879207,-3.691275167785235,-9.060402684563762,-9.24092409240924
2603,2022-05-04,-5,2022-05-10,4,MOMENTUM_DETERIORATION,True,True,False,-3.0201342281879207,-3.691275167785235,-9.060402684563762,-9.24092409240924
2603,2022-11-14,-2,2022-11-15,1,INTACT,False,False,False,-0.3225806451612856,-2.9032258064516148,-2.9032258064516148,1.2861736334405238
2603,2022-11-14,-3,2022-11-18,4,MOMENTUM_DETERIORATION,True,True,False,-1.9933554817275767,1.9933554817275656,6.644518272425248,1.2861736334405238
2603,2022-11-14,-5,2022-11-21,5,MOMENTUM_DETERIORATION,True,True,False,2.033898305084736,9.152542372881346,6.779661016949157,1.2861736334405238
2603,2022-11-14,-2,2022-11-15,1,INTACT,False,False,False,-0.3225806451612856,-2.9032258064516148,-2.9032258064516148,1.2861736334405238
2603,2022-11-14,-3,2022-11-18,4,MOMENTUM_DETERIORATION,True,True,False,-1.9933554817275767,1.9933554817275656,6.644518272425248,1.2861736334405238
2603,2022-11-14,-5,2022-11-21,5,MOMENTUM_DETERIORATION,True,True,False,2.033898305084736,9.152542372881346,6.779661016949157,1.2861736334405238
2603,2022-12-22,-2,2022-12-23,1,EARLY_WARNING,True,False,False,-2.985074626865669,-5.074626865671639,-2.68656716417911,-7.288629737609331
2603,2022-12-22,-3,2022-12-23,1,EARLY_WARNING,True,False,False,-2.985074626865669,-5.074626865671639,-2.68656716417911,-7.288629737609331
2603,2022-12-22,-5,2022-12-26,2,MOMENTUM_DETERIORATION,True,True,False,0.0,-1.538461538461533,-1.538461538461533,-7.288629737609331
2603,2023-06-14,-2,2023-06-21,5,MOMENTUM_DETERIORATION,True,True,False,1.2658227848101333,-0.31645569620253333,-40.82278481012658,-42.10526315789473
2603,2023-06-14,-3,2023-06-28,8,MOMENTUM_DETERIORATION,True,True,False,-1.5873015873015928,-34.92063492063492,-32.06349206349206,-42.10526315789473
2603,2023-06-14,-5,2023-06-29,9,DM_STATE_CHANGE,True,True,True,-39.677419354838705,-31.93548387096774,-31.290322580645157,-42.10526315789473
2603,2023-06-14,-2,2023-06-21,5,MOMENTUM_DETERIORATION,True,True,False,1.2658227848101333,-0.31645569620253333,-40.82278481012658,-42.10526315789473
2603,2023-06-14,-3,2023-06-28,8,MOMENTUM_DETERIORATION,True,True,False,-1.5873015873015928,-34.92063492063492,-32.06349206349206,-42.10526315789473
2603,2023-06-14,-5,2023-06-29,9,DM_STATE_CHANGE,True,True,True,-39.677419354838705,-31.93548387096774,-31.290322580645157,-42.10526315789473
2603,2023-09-15,-2,2023-09-18,1,INTACT,False,False,False,-0.8547008547008517,-1.2820512820512775,-0.8547008547008517,-4.2194092827004255
2603,2023-09-15,-3,2023-09-19,2,EARLY_WARNING,True,False,False,1.2931034482758674,-1.2931034482758674,-0.4310344827586188,-4.2194092827004255
2603,2023-09-15,-5,2023-10-02,10,MOMENTUM_DETERIORATION,True,True,False,-2.643171806167399,-1.3215859030836996,-8.81057268722467,-4.2194092827004255
2603,2023-12-04,-2,2023-12-05,1,INTACT,False,False,False,-0.42553191489361764,0.8510638297872353,9.787234042553195,19.409282700421947
2603,2024-02-29,-2,2024-03-04,2,INTACT,False,False,False,0.8720930232558155,3.197674418604657,4.651162790697683,10.876132930513593
2603,2024-02-29,-2,2024-03-04,2,INTACT,False,False,False,0.8720930232558155,3.197674418604657,4.651162790697683,10.876132930513593
2603,2024-04-26,-2,2024-05-02,3,MOMENTUM_DETERIORATION,True,True,False,-0.8264462809917328,-1.9283746556473802,-2.203856749311295,9.89304812834224
2603,2024-04-26,-3,2024-05-02,3,MOMENTUM_DETERIORATION,True,True,False,-0.8264462809917328,-1.9283746556473802,-2.203856749311295,9.89304812834224
2603,2024-04-26,-5,2024-05-08,7,DM_STATE_CHANGE,True,True,True,2.898550724637672,19.130434782608695,17.971014492753625,9.89304812834224
2603,2024-08-16,-2,2024-08-28,8,MOMENTUM_DETERIORATION,True,True,False,0.8196721311475308,-0.5464480874316946,-2.4590163934426257,1.0752688172043001
2603,2024-08-16,-2,2024-08-28,8,MOMENTUM_DETERIORATION,True,True,False,0.8196721311475308,-0.5464480874316946,-2.4590163934426257,1.0752688172043001
2603,2024-09-20,-2,2024-10-04,8,MOMENTUM_DETERIORATION,True,True,False,1.0752688172043001,-1.3440860215053752,0.5376344086021501,0.0
2603,2024-09-20,-3,2024-10-07,9,DM_STATE_CHANGE,True,True,True,0.5319148936170137,-1.0638297872340385,-0.26595744680850686,0.0
2603,2024-09-24,-2,2024-09-30,4,MOMENTUM_DETERIORATION,True,True,False,1.7412935323383172,-6.467661691542292,-8.70646766169154,-8.823529411764708
2603,2024-09-24,-3,2024-10-04,6,MOMENTUM_DETERIORATION,True,True,False,1.0752688172043001,-1.3440860215053752,0.5376344086021501,-8.823529411764708
2603,2024-09-24,-5,2024-10-04,6,MOMENTUM_DETERIORATION,True,True,False,1.0752688172043001,-1.3440860215053752,0.5376344086021501,-8.823529411764708
2603,2024-09-25,-2,2024-09-26,1,EARLY_WARNING,True,False,False,2.9126213592232997,-0.7281553398058249,-8.737864077669899,-10.739856801909308
2603,2024-09-25,-3,2024-09-30,3,MOMENTUM_DETERIORATION,True,True,False,1.7412935323383172,-6.467661691542292,-8.70646766169154,-10.739856801909308
2603,2024-09-25,-5,2024-09-30,3,MOMENTUM_DETERIORATION,True,True,False,1.7412935323383172,-6.467661691542292,-8.70646766169154,-10.739856801909308
2603,2026-05-05,-2,2026-05-15,8,DM_STATE_CHANGE,True,True,True,-1.4962593516209433,5.985037406483795,9.22693266832917,-5.288461538461542
2603,2026-05-05,-3,2026-05-15,8,DM_STATE_CHANGE,True,True,True,-1.4962593516209433,5.985037406483795,9.22693266832917,-5.288461538461542
2603,2026-05-05,-5,2026-05-18,9,DM_STATE_CHANGE,True,True,True,-0.25316455696202667,7.341772151898729,8.354430379746836,-5.288461538461542
2603,2026-05-06,-2,2026-05-14,6,MOMENTUM_DETERIORATION,True,True,False,-5.200945626477537,-6.85579196217494,0.23640661938533203,0.2358490566037652
2603,2026-05-06,-3,2026-05-15,7,DM_STATE_CHANGE,True,True,True,-1.4962593516209433,5.985037406483795,9.22693266832917,0.2358490566037652
2603,2026-05-06,-5,2026-05-15,7,DM_STATE_CHANGE,True,True,True,-1.4962593516209433,5.985037406483795,9.22693266832917,0.2358490566037652
2382,2023-10-06,-2,2023-10-11,1,MOMENTUM_DETERIORATION,True,True,False,0.0,-6.932773109243695,-11.974789915966388,-17.878192534381142
2382,2023-10-06,-3,2023-10-11,1,MOMENTUM_DETERIORATION,True,True,False,0.0,-6.932773109243695,-11.974789915966388,-17.878192534381142
2382,2023-10-06,-5,2023-10-11,1,MOMENTUM_DETERIORATION,True,True,False,0.0,-6.932773109243695,-11.974789915966388,-17.878192534381142
2382,2023-11-20,-2,2023-11-23,3,MOMENTUM_DETERIORATION,True,True,False,0.0,-3.1941031941031928,-0.24570024570024218,-6.839622641509435
2382,2023-11-20,-3,2023-11-23,3,MOMENTUM_DETERIORATION,True,True,False,0.0,-3.1941031941031928,-0.24570024570024218,-6.839622641509435
2382,2023-11-20,-5,2023-11-24,4,MOMENTUM_DETERIORATION,True,True,False,-3.439803439803435,-1.2285012285012331,-1.7199017199017175,-6.839622641509435
2382,2023-11-21,-2,2023-11-22,1,EARLY_WARNING,True,False,False,-2.3980815347721784,-5.755395683453235,-3.597122302158273,-10.344827586206895
2382,2023-11-21,-3,2023-11-22,1,EARLY_WARNING,True,False,False,-2.3980815347721784,-5.755395683453235,-3.597122302158273,-10.344827586206895
2382,2023-11-21,-5,2023-11-23,2,MOMENTUM_DETERIORATION,True,True,False,0.0,-3.1941031941031928,-0.24570024570024218,-10.344827586206895
2382,2023-12-21,-2,2024-01-03,8,MOMENTUM_DETERIORATION,True,True,False,2.336448598130847,0.0,1.869158878504673,0.0
2382,2023-12-21,-3,2024-01-03,8,MOMENTUM_DETERIORATION,True,True,False,2.336448598130847,0.0,1.869158878504673,0.0
2382,2023-12-28,-2,2024-01-03,3,MOMENTUM_DETERIORATION,True,True,False,2.336448598130847,0.0,1.869158878504673,6.451612903225801
2382,2023-12-28,-3,2024-01-03,3,MOMENTUM_DETERIORATION,True,True,False,2.336448598130847,0.0,1.869158878504673,6.451612903225801
2382,2023-12-28,-2,2024-01-03,3,MOMENTUM_DETERIORATION,True,True,False,2.336448598130847,0.0,1.869158878504673,6.451612903225801
2382,2023-12-28,-3,2024-01-03,3,MOMENTUM_DETERIORATION,True,True,False,2.336448598130847,0.0,1.869158878504673,6.451612903225801
2382,2023-12-29,-2,2024-01-02,1,MOMENTUM_DETERIORATION,True,True,False,0.0,0.7009345794392496,0.9345794392523255,0.8908685968819663
2382,2023-12-29,-3,2024-01-02,1,MOMENTUM_DETERIORATION,True,True,False,0.0,0.7009345794392496,0.9345794392523255,0.8908685968819663
2382,2023-12-29,-5,2024-01-03,2,MOMENTUM_DETERIORATION,True,True,False,2.336448598130847,0.0,1.869158878504673,0.8908685968819663
2382,2023-12-29,-2,2024-01-02,1,MOMENTUM_DETERIORATION,True,True,False,0.0,0.7009345794392496,0.9345794392523255,0.8908685968819663
2382,2023-12-29,-3,2024-01-02,1,MOMENTUM_DETERIORATION,True,True,False,0.0,0.7009345794392496,0.9345794392523255,0.8908685968819663
2382,2023-12-29,-5,2024-01-03,2,MOMENTUM_DETERIORATION,True,True,False,2.336448598130847,0.0,1.869158878504673,0.8908685968819663
2382,2024-03-22,-2,2024-03-26,2,MOMENTUM_DETERIORATION,True,True,False,1.3779527559055094,12.795275590551181,17.322834645669282,11.456310679611658
2382,2024-06-19,-2,2024-06-24,3,MOMENTUM_DETERIORATION,True,True,False,0.328947368421062,0.328947368421062,1.4802631578947345,-2.5316455696202556
2382,2024-06-19,-3,2024-06-24,3,MOMENTUM_DETERIORATION,True,True,False,0.328947368421062,0.328947368421062,1.4802631578947345,-2.5316455696202556
2382,2024-06-19,-5,2024-06-25,4,MOMENTUM_DETERIORATION,True,True,False,1.4754098360655776,2.2950819672131084,0.4918032786885185,-2.5316455696202556
2382,2024-06-19,-2,2024-06-24,3,MOMENTUM_DETERIORATION,True,True,False,0.328947368421062,0.328947368421062,1.4802631578947345,-2.5316455696202556
2382,2024-06-19,-3,2024-06-24,3,MOMENTUM_DETERIORATION,True,True,False,0.328947368421062,0.328947368421062,1.4802631578947345,-2.5316455696202556
2382,2024-06-19,-5,2024-06-25,4,MOMENTUM_DETERIORATION,True,True,False,1.4754098360655776,2.2950819672131084,0.4918032786885185,-2.5316455696202556
2382,2024-06-19,-2,2024-06-24,3,MOMENTUM_DETERIORATION,True,True,False,0.328947368421062,0.328947368421062,1.4802631578947345,-2.5316455696202556
2382,2024-06-19,-3,2024-06-24,3,MOMENTUM_DETERIORATION,True,True,False,0.328947368421062,0.328947368421062,1.4802631578947345,-2.5316455696202556
2382,2024-06-19,-5,2024-06-25,4,MOMENTUM_DETERIORATION,True,True,False,1.4754098360655776,2.2950819672131084,0.4918032786885185,-2.5316455696202556
2382,2024-06-20,-2,2024-06-21,1,EARLY_WARNING,True,False,False,-4.851330203442883,-3.1298904538341166,-2.3474178403755874,-6.36363636363636
2382,2024-06-20,-3,2024-06-21,1,EARLY_WARNING,True,False,False,-4.851330203442883,-3.1298904538341166,-2.3474178403755874,-6.36363636363636
2382,2024-06-20,-5,2024-06-21,1,EARLY_WARNING,True,False,False,-4.851330203442883,-3.1298904538341166,-2.3474178403755874,-6.36363636363636
2382,2026-02-25,-2,2026-02-26,1,INTACT,False,False,False,3.2590051457976,-3.6020583190394473,-0.8576329331046351,-3.025210084033614
2382,2026-02-25,-3,2026-03-04,4,MOMENTUM_DETERIORATION,True,True,False,3.0249110320284656,0.3558718861210064,2.8469750889679624,-3.025210084033614
2382,2026-02-25,-5,2026-03-04,4,MOMENTUM_DETERIORATION,True,True,False,3.0249110320284656,0.3558718861210064,2.8469750889679624,-3.025210084033614
2382,2026-02-25,-2,2026-02-26,1,INTACT,False,False,False,3.2590051457976,-3.6020583190394473,-0.8576329331046351,-3.025210084033614
2382,2026-02-25,-3,2026-03-04,4,MOMENTUM_DETERIORATION,True,True,False,3.0249110320284656,0.3558718861210064,2.8469750889679624,-3.025210084033614
2382,2026-02-25,-5,2026-03-04,4,MOMENTUM_DETERIORATION,True,True,False,3.0249110320284656,0.3558718861210064,2.8469750889679624,-3.025210084033614
2382,2026-03-02,-2,2026-03-03,1,MOMENTUM_DETERIORATION,True,True,False,-4.584040747028862,-1.8675721561969394,-4.0747028862478825,-3.9867109634551534
2382,2026-03-02,-3,2026-03-04,2,MOMENTUM_DETERIORATION,True,True,False,3.0249110320284656,0.3558718861210064,2.8469750889679624,-3.9867109634551534
2382,2026-03-02,-5,2026-03-04,2,MOMENTUM_DETERIORATION,True,True,False,3.0249110320284656,0.3558718861210064,2.8469750889679624,-3.9867109634551534
