Ticker,T_action,FWD10,Winner,MAE10,B3Cross,B5Cross,B10Cross,B20Cross,B3Lag,B5Lag,B10Lag,B20Lag,B3CloseDist,B5CloseDist,B10CloseDist,B20CloseDist,B3LowDist,B5LowDist,B10LowDist,B20LowDist,CascadeDepth,Ordered35,Ordered3510,Ordered351020
2882,2021-12-27,5.220228354059264,True,0.0,True,True,False,False,3,4.0,,,1.9575895831189793,0.4893942355023606,,,1.9575895831189793,0.4893942355023606,,,2,True,False,False
2882,2021-12-28,3.852328935226424,True,-1.6051375746027996,True,True,False,False,2,3.0,,,0.3210300025610291,-1.1235987898624233,,,0.3210300025610291,-1.1235987898624233,,,2,True,False,False
2882,2021-12-29,6.984137058413076,True,-2.6984109998412054,True,True,False,False,1,2.0,,,-0.7936452293648588,-2.222222632222237,,,-0.7936452293648588,-2.222222632222237,,,2,True,False,False
2882,2022-01-06,6.12902772235957,True,-0.4838750498763922,True,True,False,False,7,9.0,,,7.258057007017515,6.61290277223594,,,7.258057007017515,5.806444355775331,,,2,True,False,False
2882,2022-08-11,-1.377122078846571,False,-2.118645563447108,True,True,True,False,3,5.0,7.0,,-0.21186619808201135,0.10593309904101122,-0.6355903855595368,,-0.21186619808201135,-0.31779929712301147,-0.7415234846005481,,3,True,True,False
2882,2023-01-13,2.5119599431226547,True,-0.4784707334686611,True,True,False,False,7,8.0,,,3.5885168119095923,2.0334983357242153,,,3.468901410059977,1.9138738078043893,,,2,True,False,False
2882,2023-01-30,0.4683858533160556,True,-1.0538659365318392,True,True,True,False,4,5.0,8.0,,1.4051486262310453,-0.11709422989973906,-0.23419739351658864,,1.2880543963313063,-0.23419739351658864,-0.46838585331604454,,3,True,True,False
2882,2023-05-11,0.8009118261112613,True,-2.9748265774929505,True,True,True,True,1,1.0,1.0,1.0,-2.4027442076179906,-2.4027442076179906,-2.4027442076179906,-2.4027442076179906,-2.4027442076179906,-2.4027442076179906,-2.4027442076179906,-2.4027442076179906,4,True,True,True
2882,2023-05-16,2.0642237554506115,True,-0.45870861293926257,True,True,True,False,5,6.0,7.0,,2.752295424165485,2.752295424165485,1.0321118777253169,,2.522941117695865,1.7201835464401682,0.9174347244905068,,3,True,True,False
2882,2023-05-17,0.7963560137551395,True,-0.45506429912989255,True,True,True,False,4,5.0,6.0,,1.9340124217650745,1.9340124217650745,0.22752780975014986,,1.7064846120149246,0.9101199186301923,0.11376390487507493,,3,True,True,False
2882,2023-05-19,-1.5503892342910053,False,-3.1007784685820217,True,True,True,False,2,3.0,4.0,,-0.7751988416163091,-0.7751988416163091,-2.4363283535834723,,-0.996679396968625,-1.7718782385849452,-2.5470686312596302,,3,True,True,False
2882,2023-09-12,-4.715971470481117,False,-4.823150967641066,True,True,True,True,3,3.0,4.0,6.0,0.0,0.0,-0.5359056630712344,-2.0364431551249673,-0.1071876744314415,-0.1071876744314415,-0.750272834662602,-2.1436226522849156,4,True,True,True
2882,2023-11-15,0.0,False,-0.6557360372908105,True,True,True,False,3,8.0,8.0,,-0.10928794985911594,0.0,0.0,,-0.6557360372908105,-0.21857589971824298,-0.21857589971824298,,3,True,True,False
2882,2023-11-21,-1.3001132588953523,False,-1.6251353742197217,True,True,True,True,4,4.0,4.0,10.0,-0.8667421725969016,-0.8667421725969016,-0.8667421725969016,-1.3001132588953523,-1.0834235828131478,-1.0834235828131478,-1.0834235828131478,-1.6251353742197217,4,True,True,True
2882,2024-03-07,8.24972327496154,True,-0.22296204575967815,True,True,False,False,7,9.0,,,6.020068795537159,5.9085877726573255,,,5.351174152801219,5.79710674977747,,,2,True,False,False
2882,2024-09-19,4.938266662867674,True,-0.4629676506622826,True,True,True,False,6,7.0,9.0,,4.166661760934809,2.623451957069123,1.8518470551362576,,3.24073823336668,2.623451957069123,1.5432098038657083,,3,True,True,False
2882,2024-09-23,3.66972701817021,True,-0.1529028620611328,True,True,True,False,4,5.0,7.0,,3.211006766246216,1.6819548141536744,0.9174288381073925,,2.2935779281388013,1.6819548141536744,0.6116231139851269,,3,True,True,False
2330,2021-12-28,7.317073170731714,True,-0.1626016260162566,True,True,False,False,2,7.0,,,0.0,3.0894308943089532,,,0.0,2.764227642276418,,,2,True,False,False
2330,2022-01-04,0.9146341463414532,True,-4.4207317073170715,True,True,False,False,2,3.0,,,-1.8292682926829285,-3.353658536585369,,,-3.0487804878048808,-3.658536585365857,,,2,True,False,False
2330,2022-05-31,-9.107142857142858,False,-9.464285714285714,True,True,True,True,1,2.0,4.0,7.0,-1.9642857142857184,-3.57142857142857,-4.46428571428571,-5.35714285714286,-2.1428571428571463,-3.57142857142857,-5.000000000000004,-5.535714285714288,4,True,True,True
2330,2022-06-08,-9.099264705882348,False,-9.099264705882348,True,True,True,True,2,2.0,2.0,2.0,-2.573529411764708,-2.573529411764708,-2.573529411764708,-2.573529411764708,-2.757352941176472,-2.757352941176472,-2.757352941176472,-2.757352941176472,4,True,True,True
2330,2023-01-13,8.000000000000007,True,-0.10000000000000009,True,True,True,False,4,8.0,9.0,,4.400000000000004,5.200000000000005,4.600000000000004,,4.200000000000004,5.200000000000005,4.400000000000004,,3,True,True,False
2330,2023-03-23,-2.6022304832713727,False,-2.9739776951672847,True,True,True,False,2,2.0,7.0,,-1.3011152416356864,-1.3011152416356864,-1.486988847583648,,-1.3011152416356864,-1.3011152416356864,-2.2304832713754608,,3,True,True,False
2330,2023-03-30,-3.738317757009346,False,-4.672897196261683,True,True,True,True,2,2.0,2.0,6.0,-0.9345794392523366,-0.9345794392523366,-0.9345794392523366,-2.8037383177570097,-1.6822429906542036,-1.6822429906542036,-1.6822429906542036,-3.364485981308407,4,True,True,True
2330,2023-05-18,3.9622641509434064,True,-1.132075471698113,True,True,False,False,3,4.0,,,0.0,-0.9433962264150941,,,-0.9433962264150941,-1.132075471698113,,,2,True,False,False
2330,2023-05-25,2.946593001841613,True,1.2891344383057168,True,True,True,False,3,4.0,10.0,,4.23572744014733,2.7624309392265234,2.946593001841613,,3.6832412523020164,1.4732965009208066,2.20994475138121,,3,True,True,False
2330,2023-12-19,-1.1965811965811923,False,-1.7094017094017144,True,True,True,True,2,2.0,2.0,10.0,-1.3675213675213627,-1.3675213675213627,-1.3675213675213627,-1.1965811965811923,-1.7094017094017144,-1.7094017094017144,-1.7094017094017144,-1.538461538461533,4,True,True,True
2330,2023-12-27,-1.0135135135135087,False,-3.0405405405405372,True,True,True,True,4,4.0,4.0,4.0,-2.3648648648648685,-2.3648648648648685,-2.3648648648648685,-2.3648648648648685,-2.7027027027026973,-2.7027027027026973,-2.7027027027026973,-2.7027027027026973,4,True,True,True
2330,2023-12-28,-1.5177065767284947,False,-3.204047217537942,True,True,True,True,3,3.0,3.0,3.0,-2.5295109612141653,-2.5295109612141653,-2.5295109612141653,-2.5295109612141653,-2.866779089376059,-2.866779089376059,-2.866779089376059,-2.866779089376059,4,True,True,True
2330,2024-01-19,1.437699680511173,True,-1.1182108626198062,True,True,True,False,7,8.0,8.0,,2.5559105431310014,0.31948881789136685,0.31948881789136685,,2.5559105431310014,0.0,0.0,,3,True,True,False
2330,2024-01-25,5.607476635514019,True,-3.5825545171339512,True,True,True,False,3,4.0,4.0,,0.0,-2.180685358255452,-2.180685358255452,,0.0,-2.492211838006231,-2.492211838006231,,3,True,True,False
2330,2024-09-20,3.802672147995878,True,-1.6443987667009274,True,True,True,False,5,6.0,6.0,,2.7749229188078095,-1.6443987667009274,-1.6443987667009274,,2.7749229188078095,-1.6443987667009274,-1.6443987667009274,,3,True,True,False
2330,2024-09-24,5.876393110435663,True,-3.039513677811545,True,True,True,False,3,4.0,4.0,,1.317122593718345,-3.039513677811545,-3.039513677811545,,1.317122593718345,-3.039513677811545,-3.039513677811545,,3,True,True,False
2330,2024-09-25,3.9800995024875663,True,-4.7761194029850795,True,True,True,False,2,3.0,3.0,,-0.497512437810943,-4.7761194029850795,-4.7761194029850795,,-0.497512437810943,-4.7761194029850795,-4.7761194029850795,,3,True,True,False
2330,2025-01-07,-0.8849557522123908,False,-5.752212389380529,True,True,True,True,1,2.0,4.0,4.0,-2.212389380530977,-2.6548672566371723,-4.867256637168138,-4.867256637168138,-2.212389380530977,-2.6548672566371723,-5.309734513274334,-5.309734513274334,4,True,True,True
2330,2025-06-11,0.4694835680751241,True,-4.694835680751175,True,True,True,False,1,2.0,8.0,,-1.8779342723004744,-3.2863849765258246,-4.225352112676061,,-1.8779342723004744,-3.7558685446009377,-4.694835680751175,,3,True,True,False
2330,2025-08-12,-0.4237288135593209,False,-3.8135593220338992,True,True,True,True,2,2.0,6.0,6.0,-0.4237288135593209,-0.4237288135593209,-3.8135593220338992,-3.8135593220338992,-0.4237288135593209,-0.4237288135593209,-3.8135593220338992,-3.8135593220338992,4,True,True,True
2330,2025-09-09,11.66666666666667,True,1.2499999999999956,True,True,False,False,6,8.0,,,5.41666666666667,5.41666666666667,,,5.41666666666667,5.41666666666667,,,2,True,False,False
2330,2025-09-10,9.387755102040815,True,0.8163265306122547,True,True,False,False,5,7.0,,,3.2653061224489743,3.2653061224489743,,,3.2653061224489743,3.2653061224489743,,,2,True,False,False
2330,2025-09-11,6.451612903225801,True,0.8064516129032251,True,True,False,False,4,6.0,,,2.016129032258074,2.016129032258074,,,2.016129032258074,2.016129032258074,,,2,True,False,False
2330,2025-09-16,3.515625,True,-1.171875,True,True,False,False,1,3.0,,,-1.171875,-1.171875,,,-1.171875,-1.171875,,,2,True,False,False
2330,2025-12-10,-0.6644518272425293,False,-5.980066445182719,True,True,True,True,1,1.0,3.0,4.0,-2.3255813953488413,-2.3255813953488413,-3.6544850498338888,-4.651162790697672,-2.657807308970095,-2.657807308970095,-3.9867109634551534,-5.3156146179402,4,True,True,True
2330,2026-04-09,6.39386189258313,True,0.7672634271099765,True,True,False,False,6,6.0,,,3.8363171355498826,3.8363171355498826,,,3.8363171355498826,3.8363171355498826,,,2,True,False,False
2454,2021-12-27,-5.676855895196509,False,-6.986899563318783,True,True,True,True,4,4.0,7.0,8.0,0.4366812227074135,0.4366812227074135,-0.8733624454148492,-3.9301310043668103,0.0,0.0,-3.056768558951961,-4.8034934497816595,4,True,True,True
2454,2022-02-17,-9.292035398230093,False,-9.292035398230091,True,True,True,True,1,3.0,1.0,5.0,-0.8849557522123908,-1.7699115044247815,-0.8849557522123908,-6.194690265486724,-2.212389380530977,-3.539823008849563,-2.212389380530977,-6.63716814159292,4,True,False,False
2454,2022-05-30,0.2277904328018332,True,-1.3667425968109326,True,True,True,False,3,5.0,9.0,,2.277904328018221,1.3667425968109326,1.0250569476081939,,2.1640091116173155,1.3667425968109326,0.7972665148063829,,3,True,True,False
2454,2022-05-31,-2.3204419889502725,False,-4.3093922651933685,True,True,True,False,2,4.0,8.0,,-0.7734806629834279,-1.6574585635359074,-1.9889502762430955,,-0.8839779005524906,-1.6574585635359074,-2.209944751381221,,3,True,True,False
2454,2022-06-08,-13.2258064516129,False,-13.440860215053762,True,True,True,True,3,3.0,3.0,6.0,-4.623655913978498,-4.623655913978498,-4.623655913978498,-6.129032258064515,-4.8387096774193505,-4.8387096774193505,-4.8387096774193505,-6.5591397849462325,4,True,True,True
2454,2023-03-06,-1.7857142857142905,False,-5.229591836734693,True,True,True,False,2,2.0,4.0,,-2.0408163265306145,-2.0408163265306145,-3.57142857142857,,-2.423469387755106,-2.423469387755106,-3.9540816326530615,,3,True,True,False
2454,2023-05-22,7.659574468085117,True,-0.5673758865248235,True,True,False,False,3,9.0,,,0.42553191489360653,6.52482269503547,,,0.14184397163119478,6.382978723404253,,,2,True,False,False
2454,2023-05-23,5.72625698324023,True,-2.0949720670391025,True,True,False,False,2,8.0,,,-1.1173184357541888,4.88826815642458,,,-1.3966480446927387,4.748603351955305,,,2,True,False,False
2454,2023-09-05,7.660167130919215,True,-2.36768802228412,True,True,True,False,1,3.0,3.0,,-0.835654596100277,-1.253481894150421,-1.253481894150421,,-0.835654596100277,-2.36768802228412,-2.36768802228412,,3,True,True,False
2454,2024-02-15,13.683127572016463,True,-2.1604938271604923,True,True,False,False,2,10.0,,,-0.92592592592593,13.683127572016463,,,-2.1604938271604923,12.65432098765431,,,2,True,False,False
2454,2025-07-09,5.535055350553497,True,0.36900369003689537,True,True,False,False,3,6.0,,,2.2140221402213944,2.583025830258312,,,2.2140221402213944,2.2140221402213944,,,2,True,False,False
2454,2025-07-10,2.1428571428571352,True,-1.4285714285714235,True,True,False,False,2,5.0,,,-1.0714285714285676,-0.7142857142857117,,,-1.0714285714285676,-1.0714285714285676,,,2,True,False,False
2454,2025-09-09,-8.94039735099338,False,-8.94039735099338,True,True,True,True,2,4.0,8.0,9.0,-1.9867549668874163,-1.655629139072845,-4.635761589403975,-6.9536423841059625,-1.9867549668874163,-1.9867549668874163,-4.635761589403975,-7.284768211920534,4,True,True,True
2454,2025-09-16,-16.28664495114006,False,-16.28664495114006,True,True,True,True,2,3.0,3.0,4.0,-1.6286644951140072,-6.1889250814332275,-6.1889250814332275,-8.469055374592838,-2.6058631921824116,-6.1889250814332275,-6.1889250814332275,-8.794788273615639,4,True,True,True
2454,2026-01-05,-2.622950819672132,False,-7.21311475409836,True,True,True,True,1,3.0,4.0,4.0,-2.622950819672132,-5.245901639344264,-6.8852459016393475,-6.8852459016393475,-2.950819672131144,-5.9016393442623,-7.21311475409836,-7.21311475409836,4,True,True,True
0050,2021-12-24,3.1457531660253224,True,0.03495494630623153,True,True,False,False,4,9.0,,,1.7126857014856167,2.481651853214828,,,1.6078315293188927,2.4117419606023427,,,2,True,False,False
0050,2021-12-27,2.878952015949188,True,0.10406462825187646,True,True,False,False,3,8.0,,,0.9365287274899936,1.6996269932488817,,,0.8324746845934872,1.630250574414327,,,2,True,False,False
0050,2022-06-08,-7.220499092706268,False,-7.336959901964645,True,True,True,True,2,2.0,2.0,3.0,-1.319879299190363,-1.319879299190363,-1.319879299190363,-4.076086859943862,-1.8633551778057589,-1.8633551778057589,-1.8633551778057589,-4.153731348411338,4,True,True,True
0050,2022-11-09,10.622008109206792,True,-1.244022059098382,True,True,False,False,6,8.0,,,9.617227800725182,8.947366960881453,,,7.990429161838386,8.803824830853756,,,2,True,False,False
0050,2022-11-11,7.064217383708438,True,0.366973876953125,True,True,False,False,4,6.0,,,5.091745919043866,4.449539884514775,,,3.53210869185423,4.311923805726781,,,2,True,False,False
0050,2023-03-23,-0.8206811756443222,False,-1.395155494075162,True,True,True,False,2,3.0,8.0,,-0.3282737225178356,-1.1899852001640787,-0.6975777470375921,,-0.5334440164289078,-1.35412519207323,-0.8617114776462653,,3,True,True,False
0050,2023-05-18,2.4559966946577694,True,-0.8596013414992387,True,True,False,False,2,4.0,,,0.12280108391740097,-0.45026855905627716,,,-0.0409357766133156,-0.8596013414992387,,,2,True,False,False
0050,2023-12-15,1.3089005534363984,True,-1.2341016710143426,True,True,False,False,2,4.0,,,-0.224385234559088,-0.8227306431071835,,,-0.7105437321812014,-1.2341016710143426,,,2,True,False,False
0050,2024-09-24,3.8648615656672094,True,-1.0810810810810811,True,True,True,False,4,4.0,5.0,,-0.567569217166386,-0.567569217166386,-0.7567534575591228,,-0.567569217166386,-0.567569217166386,-0.8918885926942566,,3,True,True,False
0050,2024-09-25,2.423437044877663,True,-2.5299600532623145,True,True,True,False,3,3.0,4.0,,-2.0239696680467656,-2.0239696680467656,-2.2103829009237685,,-2.0239696680467656,-2.0239696680467656,-2.3435386932007307,,3,True,True,False
0050,2025-01-07,-2.78864829669655,False,-5.210368989481429,True,True,True,True,1,2.0,4.0,4.0,-1.4921662837785399,-2.617412428806609,-4.892368052155794,-4.892368052155794,-1.638938818375446,-2.6418757620996325,-5.0391331215914885,-5.0391331215914885,4,True,True,True
0050,2025-09-09,8.441556787110605,True,0.9276437585255648,True,False,False,False,6,,,,4.5454487548870715,,,,4.359922834126073,,,,1,False,False,False
0050,2025-09-10,6.278436242108798,True,0.5459494684172617,True,False,False,False,5,,,,2.5477664999885574,,,,2.365785657890873,,,,1,False,False,False
0050,2025-09-16,2.3788519367772487,True,-0.8810572687224627,True,True,True,False,1,8.0,8.0,,-0.7048485037513874,0.8810572687224738,0.8810572687224738,,-0.8810572687224627,0.1762087649710864,0.1762087649710864,,3,True,True,False
0050,2025-12-08,-0.4709564104669272,False,-3.3751985873283874,True,True,True,True,3,3.0,5.0,7.0,-0.5494541359911564,-0.5494541359911564,-1.4128752199364603,-2.825744451337253,-0.7849293469567753,-0.7849293469567753,-2.040815104380478,-2.9042421768614712,4,True,True,True
0050,2026-02-11,-4.663210643045323,False,-7.189113525592761,True,True,True,True,5,6.0,7.0,10.0,4.080313018653081,2.0077760531480138,-2.0725369655050563,-4.663210643045323,2.525912765183236,1.8782443457981746,-2.2020686728549066,-7.189113525592761,4,True,True,True
0050,2026-02-24,-1.5113407488356323,False,-9.760705102095034,True,True,True,True,3,4.0,5.0,8.0,1.1964696851202827,-0.8186417045181638,-4.78589795809925,-7.304789597349581,-0.31486145490629003,-0.9445843647188701,-4.911840618299957,-9.760705102095034,4,True,True,True
2603,2022-04-21,5.841924398625431,True,-8.591065292096223,True,True,True,True,2,2.0,2.0,5.0,-4.123711340206182,-4.123711340206182,-4.123711340206182,-5.154639175257736,-4.467353951890029,-4.467353951890029,-4.467353951890029,-5.154639175257736,4,True,True,True
2603,2022-05-04,-9.24092409240924,False,-10.89108910891089,True,True,True,True,3,3.0,5.0,6.0,-2.970297029702973,-2.970297029702973,-4.62046204620462,-8.25082508250825,-2.970297029702973,-2.970297029702973,-4.62046204620462,-8.25082508250825,4,True,True,True
2603,2022-11-14,1.2861736334405238,True,-5.787781350482312,True,True,True,False,2,4.0,4.0,,-0.6430868167202619,-3.2154340836012874,-3.2154340836012874,,-1.2861736334405127,-3.5369774919614128,-3.5369774919614128,,3,True,True,False
2603,2022-12-22,-7.288629737609331,False,-9.037900874635573,True,True,True,True,1,2.0,4.0,8.0,-2.3323615160349864,-5.247813411078717,-7.288629737609331,-9.037900874635573,-3.498542274052474,-5.247813411078717,-7.288629737609331,-9.037900874635573,4,True,True,True
2603,2023-03-01,7.051282051282048,True,0.9615384615384581,True,True,False,False,5,5.0,,,3.205128205128216,3.205128205128216,,,3.205128205128216,3.205128205128216,,,2,True,False,False
2603,2023-06-12,1.2861736334405238,True,-0.6430868167202619,True,True,True,False,5,6.0,7.0,,4.180064308681675,4.5016077170418,1.6077170418006492,,4.180064308681675,4.180064308681675,1.6077170418006492,,3,True,True,False
2603,2023-06-14,-42.10526315789473,False,-44.582043343653254,True,True,True,True,3,4.0,5.0,9.0,0.3095975232198178,0.6191950464396356,-2.1671826625387025,-4.024767801857587,0.3095975232198178,0.3095975232198178,-2.1671826625387025,-5.263157894736848,4,True,True,True
2603,2023-09-14,5.936073059360725,True,0.0,True,True,True,False,3,5.0,10.0,,5.936073059360725,5.47945205479452,5.936073059360725,,4.109589041095885,4.566210045662111,5.47945205479452,,3,True,True,False
2603,2023-09-15,-4.2194092827004255,False,-5.485232067510548,True,True,True,False,2,4.0,9.0,,-2.1097046413502074,-2.5316455696202556,-2.1097046413502074,,-3.797468354430378,-3.3755274261603407,-2.5316455696202556,,3,True,True,False
2603,2023-12-04,19.409282700421947,True,-2.9535864978902926,True,True,False,False,2,3.0,,,-1.2658227848101222,-2.5316455696202556,,,-2.5316455696202556,-2.9535864978902926,,,2,True,False,False
2603,2023-12-08,29.11392405063291,True,0.42194092827003704,True,False,False,False,4,,,,8.860759493670889,,,,7.594936708860756,,,,1,False,False,False
2603,2024-02-29,10.876132930513592,True,-2.4169184290030232,True,True,False,False,4,10.0,,,3.6253776435045237,10.876132930513593,,,3.0211480362537735,8.45921450151057,,,2,True,False,False
2603,2024-04-26,9.89304812834224,True,-8.021390374331549,True,True,True,True,3,3.0,4.0,7.0,-2.941176470588236,-2.941176470588236,-3.7433155080213942,-7.754010695187164,-3.208556149732622,-3.208556149732622,-4.545454545454541,-8.021390374331549,4,True,True,True
2603,2024-08-13,2.8011204481792618,True,0.8403361344537785,True,True,True,False,6,10.0,10.0,,5.042016806722693,2.8011204481792618,2.8011204481792618,,4.201680672268915,2.2408963585434094,2.2408963585434094,,3,True,True,False
2603,2024-08-14,0.8264462809917328,True,-0.27548209366391463,True,True,True,False,5,9.0,9.0,,3.305785123966931,1.1019283746556363,1.1019283746556363,,2.4793388429751984,0.5509641873278293,0.5509641873278293,,3,True,True,False
2603,2024-08-16,1.0752688172043,True,-2.6881720430107503,True,True,True,False,3,7.0,7.0,,0.8064516129032251,-1.3440860215053752,-1.3440860215053752,,0.0,-1.8817204301075252,-1.8817204301075252,,3,True,True,False
2603,2024-09-18,-0.5347593582887722,False,-1.0695187165775444,True,True,True,True,6,8.0,10.0,10.0,10.160427807486627,7.4866310160427885,-0.5347593582887722,-0.5347593582887722,9.625668449197855,6.149732620320858,-1.0695187165775444,-1.0695187165775444,4,True,True,True
2603,2024-09-20,0.0,False,-3.1746031746031744,True,True,True,True,4,6.0,8.0,8.0,8.994708994709,6.349206349206349,-1.5873015873015928,-1.5873015873015928,8.465608465608465,5.026455026455023,-2.1164021164021163,-2.1164021164021163,4,True,True,True
2603,2024-09-24,-8.823529411764708,False,-10.29411764705882,True,True,True,True,2,4.0,6.0,6.0,0.9803921568627416,-1.4705882352941124,-8.823529411764708,-8.823529411764708,0.4901960784313708,-2.6960784313725505,-9.313725490196079,-9.313725490196079,4,True,True,True
2603,2024-09-25,-10.739856801909308,False,-12.649164677804292,True,True,True,True,1,3.0,5.0,5.0,-1.670644391408116,-4.057279236276845,-11.217183770883054,-11.217183770883054,-2.1479713603818618,-5.250596658711215,-11.694510739856801,-11.694510739856801,4,True,True,True
2603,2025-12-19,2.156334231805923,True,-0.5390835579514808,True,True,True,False,7,7.0,10.0,,2.42587601078168,2.42587601078168,2.156334231805923,,2.156334231805923,2.156334231805923,2.156334231805923,,3,True,True,False
2603,2025-12-23,4.0322580645161255,True,-0.26881720430107503,True,True,True,False,5,5.0,8.0,,2.1505376344086002,2.1505376344086002,1.8817204301075252,,1.8817204301075252,1.8817204301075252,1.8817204301075252,,3,True,True,False
2603,2026-02-25,10.15625,True,1.041666666666674,True,True,False,False,4,5.0,,,9.114583333333325,8.333333333333325,,,7.8125,5.729166666666674,,,2,True,False,False
2603,2026-05-05,-5.288461538461542,False,-6.009615384615385,True,True,True,True,3,6.0,8.0,8.0,1.6826923076923128,0.9615384615384581,-3.605769230769229,-3.605769230769229,1.4423076923076872,0.7211538461538547,-3.605769230769229,-3.605769230769229,4,True,True,True
2603,2026-05-06,0.2358490566037652,True,-7.783018867924529,True,True,True,True,2,5.0,7.0,7.0,-0.2358490566037763,-0.9433962264150941,-5.424528301886788,-5.424528301886788,-0.4716981132075526,-1.1792452830188704,-5.424528301886788,-5.424528301886788,4,True,True,True
2382,2023-01-04,5.825249190739212,True,-1.386962581363893,True,True,True,True,5,1.0,1.0,1.0,2.080443872045845,-1.2482684395644483,-1.2482684395644483,-1.2482684395644483,1.664361446647522,-1.386962581363893,-1.386962581363893,-1.386962581363893,4,False,False,False
2382,2023-01-10,2.8378357758393147,True,-0.9459418219489035,True,True,False,False,1,7.0,,,-0.5405426025390625,0.9459418219488924,,,-0.9459418219489035,0.9459418219488924,,,2,True,False,False
2382,2023-01-16,4.588396215779045,True,0.0,True,True,False,False,3,3.0,,,0.8097145566482666,0.8097145566482666,,,0.8097145566482666,0.8097145566482666,,,2,True,False,False
2382,2023-10-06,-17.878192534381142,False,-21.807465618860512,True,True,True,True,1,1.0,1.0,3.0,-6.483300589390961,-6.483300589390961,-6.483300589390961,-11.198428290766206,-6.483300589390961,-6.483300589390961,-6.483300589390961,-12.770137524557956,4,True,True,True
2382,2023-11-20,-6.839622641509435,False,-8.9622641509434,True,True,True,True,2,2.0,2.0,3.0,-1.650943396226412,-1.650943396226412,-1.650943396226412,-4.009433962264152,-1.8867924528301883,-1.8867924528301883,-1.8867924528301883,-4.245283018867929,4,True,True,True
2382,2023-11-21,-10.344827586206897,False,-11.494252873563216,True,True,True,True,1,1.0,1.0,2.0,-4.137931034482756,-4.137931034482756,-4.137931034482756,-6.436781609195408,-4.367816091954024,-4.367816091954024,-4.367816091954024,-6.666666666666665,4,True,True,True
2382,2023-12-21,0.0,False,-3.0162412993039456,True,True,True,False,4,7.0,7.0,,0.0,-0.696055684454755,-0.696055684454755,,-0.696055684454755,-0.9280742459396807,-0.9280742459396807,,3,True,True,False
2382,2023-12-28,6.451612903225801,True,-3.686635944700456,True,True,True,False,2,2.0,2.0,,-1.382488479262678,-1.382488479262678,-1.382488479262678,,-1.6129032258064502,-1.6129032258064502,-1.6129032258064502,,3,True,True,False
2382,2023-12-29,0.8908685968819663,True,-6.904231625835189,True,True,True,False,1,1.0,1.0,,-4.677060133630285,-4.677060133630285,-4.677060133630285,,-4.899777282850781,-4.899777282850781,-4.899777282850781,,3,True,True,False
2382,2024-03-22,11.456310679611658,True,-2.5242718446601975,True,True,False,False,1,10.0,,,-0.9708737864077666,11.456310679611658,,,-0.9708737864077666,9.902912621359228,,,2,True,False,False
2382,2024-06-19,-2.531645569620256,False,-7.120253164556967,True,True,True,False,2,3.0,6.0,,1.1075949367088667,-3.797468354430378,-3.4810126582278444,,-1.5822784810126556,-3.797468354430378,-5.379746835443033,,3,True,True,False
2382,2024-06-20,-6.36363636363636,False,-11.060606060606059,True,True,True,False,1,2.0,5.0,,-3.1818181818181857,-7.878787878787874,-7.57575757575758,,-5.757575757575761,-7.878787878787874,-9.393939393939398,,3,True,True,False
2382,2024-10-09,11.517367458866534,True,0.9140767824497242,True,True,False,False,10,10.0,,,11.517367458866534,11.517367458866534,,,10.968921389396712,10.968921389396712,,,2,True,False,False
2382,2024-10-11,9.92907801418439,True,-1.2411347517730542,True,True,False,False,9,9.0,,,8.15602836879432,8.15602836879432,,,7.624113475177308,7.624113475177308,,,2,True,False,False
2382,2026-02-10,1.403508771929829,True,-1.403508771929829,True,True,True,True,2,2.0,8.0,8.0,-0.5263157894736858,-0.5263157894736858,-1.403508771929829,-1.403508771929829,-0.8771929824561431,-0.8771929824561431,-1.403508771929829,-1.403508771929829,4,True,True,True
2382,2026-02-25,-3.025210084033614,False,-8.571428571428575,True,True,True,True,3,4.0,4.0,4.0,-1.0084033613445342,-5.5462184873949605,-5.5462184873949605,-5.5462184873949605,-1.5126050420168013,-5.5462184873949605,-5.5462184873949605,-5.5462184873949605,4,True,True,True
2382,2026-03-02,-3.9867109634551534,False,-9.634551495016607,True,True,True,True,1,2.0,2.0,2.0,-2.1594684385382035,-6.644518272425248,-6.644518272425248,-6.644518272425248,-2.657807308970095,-6.644518272425248,-6.644518272425248,-6.644518272425248,4,True,True,True
2382,2026-04-09,2.8753993610223683,True,-1.9169329073482455,True,True,True,False,4,4.0,10.0,,-1.4376996805111841,-1.4376996805111841,2.8753993610223683,,-1.9169329073482455,-1.9169329073482455,1.2779552715654896,,3,True,True,False
