computed_at,source,ticker,bar_start,broker_bar_end,open,high,low,close,volume_shares,wr5,psy12,psy24,k,d,j,wr5_previous,psy12_previous,psy24_previous,j_previous,wr_change,psy12_change,psy24_change,j_change,wr_direction,psy12_direction,psy24_direction,j_direction,alignment_score,alignment,future_return_1,future_return_3,future_return_6,future_return_12
2026-08-06 11:46:41,historical_backfill,2330.TW,2026-07-31 09:55,2026-07-31 10:00,2380.0,2385.0,2370.0,2375.0,707630,-75.0,41.66666666666667,,56.90235690235689,56.11672278338944,58.47362514029179,-40.0,,,69.6127946127946,-35.0,,,-11.139169472502815,DOWN,,,DOWN,0,0/3,0.21052631578948322,0.6315789473684275,0.42105263157894424,0.8421052631578885
2026-08-06 11:46:41,historical_backfill,2330.TW,2026-07-31 10:00,2026-07-31 10:05,2380.0,2385.0,2375.0,2380.0,551929,-50.0,50.0,,60.157126823793476,57.463524130190784,65.54433221099886,-75.0,41.66666666666667,,58.47362514029179,25.0,8.333333333333329,,7.070707070707073,UP,UP,,UP,3,3/3,0.21008403361344463,0.21008403361344463,0.6302521008403339,0.6302521008403339
2026-08-06 11:46:41,historical_backfill,2330.TW,2026-07-31 10:05,2026-07-31 10:10,2380.0,2385.0,2380.0,2385.0,256222,-25.0,50.0,,67.8825289936401,60.936525751340554,81.77453547823916,-50.0,50.0,,65.54433221099886,25.0,0.0,,16.2302032672403,UP,FLAT,,UP,2,2/3,0.20964360587001352,0.20964360587001352,0.20964360587001352,0.20964360587001352
2026-08-06 11:46:41,historical_backfill,2330.TW,2026-07-31 10:10,2026-07-31 10:15,2380.0,2390.0,2380.0,2390.0,725257,-0.0,58.333333333333336,,78.58835266242673,66.82046805503595,102.1241218772083,-25.0,50.0,,81.77453547823916,25.0,8.333333333333336,,20.349586398969137,UP,UP,,UP,3,3/3,-0.20920502092049986,-0.20920502092049986,-0.20920502092049986,0.20920502092049986
2026-08-06 11:46:41,historical_backfill,2330.TW,2026-07-31 10:15,2026-07-31 10:20,2390.0,2390.0,2385.0,2385.0,400607,-25.0,58.333333333333336,,77.39223510828448,70.34439040611879,91.48792451261588,-0.0,58.333333333333336,,102.1241218772083,-25.0,0.0,,-10.63619736459242,DOWN,FLAT,,DOWN,0,0/3,0.20964360587001352,0.41928721174004924,0.41928721174004924,0.41928721174004924
2026-08-06 11:46:41,historical_backfill,2330.TW,2026-07-31 10:20,2026-07-31 10:25,2390.0,2390.0,2385.0,2390.0,497376,-0.0,66.66666666666666,,84.92815673885632,75.20564585036463,104.37317851583967,-25.0,58.333333333333336,,91.48792451261588,25.0,8.333333333333321,,12.885254003223793,UP,UP,,UP,3,3/3,-0.20920502092049986,0.0,0.20920502092049986,0.20920502092049986
2026-08-06 11:46:41,historical_backfill,2330.TW,2026-07-31 10:25,2026-07-31 10:30,2390.0,2390.0,2385.0,2385.0,401253,-50.0,58.333333333333336,,81.61877115923754,77.3433542866556,90.16960490440141,-0.0,66.66666666666666,,104.37317851583967,-50.0,-8.333333333333321,,-14.203573611438259,DOWN,DOWN,,DOWN,0,0/3,0.41928721174004924,0.0,0.41928721174004924,0.41928721174004924
2026-08-06 11:46:41,historical_backfill,2330.TW,2026-07-31 10:30,2026-07-31 10:35,2390.0,2395.0,2385.0,2395.0,1248438,-0.0,58.333333333333336,,87.7458474394917,80.81085200426763,101.61583830993985,-50.0,58.333333333333336,,90.16960490440141,50.0,0.0,,11.446233405538436,UP,FLAT,,UP,2,2/3,-0.20876826722338038,0.0,0.0,0.0
2026-08-06 11:46:41,historical_backfill,2330.TW,2026-07-31 10:35,2026-07-31 10:40,2390.0,2395.0,2385.0,2390.0,480610,-50.0,58.333333333333336,,85.16389829299446,82.26186743384324,90.9679600112969,-0.0,58.333333333333336,,101.61583830993985,-50.0,0.0,,-10.64787829864295,DOWN,FLAT,,DOWN,0,0/3,-0.20920502092049986,0.20920502092049986,0.0,0.4184100418409997
2026-08-06 11:46:41,historical_backfill,2330.TW,2026-07-31 10:40,2026-07-31 10:45,2390.0,2390.0,2385.0,2385.0,186712,-100.0,50.0,,73.4425988619963,79.3221112432276,61.6835740995337,-50.0,58.333333333333336,,90.9679600112969,-50.0,-8.333333333333336,,-29.284385911763195,DOWN,DOWN,,DOWN,0,0/3,0.41928721174004924,0.41928721174004924,0.41928721174004924,0.41928721174004924
2026-08-06 11:46:41,historical_backfill,2330.TW,2026-07-31 10:45,2026-07-31 10:50,2390.0,2395.0,2390.0,2395.0,404976,-0.0,50.0,,82.29506590799754,80.31309613148424,86.25900546102415,-100.0,50.0,,61.6835740995337,100.0,0.0,,24.575431361490445,UP,FLAT,,UP,2,2/3,0.0,0.0,0.0,0.20876826722338038
2026-08-06 11:46:41,historical_backfill,2330.TW,2026-07-31 10:50,2026-07-31 10:55,2395.0,2395.0,2390.0,2395.0,290457,-0.0,50.0,,88.19671060533169,82.94096762276672,98.70819657046161,-0.0,50.0,,86.25900546102415,0.0,0.0,,12.449191109437464,FLAT,FLAT,,UP,1,1/3,0.0,-0.20876826722338038,0.0,0.0
2026-08-06 11:46:41,historical_backfill,2330.TW,2026-07-31 10:55,2026-07-31 11:00,2390.0,2395.0,2390.0,2395.0,355945,-0.0,50.0,45.83333333333333,92.13114040355447,86.00435854969597,104.38470411127147,-0.0,50.0,,98.70819657046161,0.0,0.0,,5.676507540809865,FLAT,FLAT,,UP,1,1/3,0.0,0.0,0.0,0.0
2026-08-06 11:46:41,historical_backfill,2330.TW,2026-07-31 11:00,2026-07-31 11:05,2395.0,2395.0,2390.0,2395.0,207668,-0.0,41.66666666666667,45.83333333333333,94.75409360236965,88.9209369005872,106.42040700593455,-0.0,50.0,45.83333333333333,104.38470411127147,0.0,-8.333333333333329,0.0,2.035702894663075,FLAT,DOWN,FLAT,UP,1,1/3,-0.20876826722338038,0.0,0.0,0.0
2026-08-06 11:46:41,historical_backfill,2330.TW,2026-07-31 11:05,2026-07-31 11:10,2390.0,2395.0,2385.0,2390.0,810792,-50.0,33.33333333333333,41.66666666666667,79.83606240157977,85.89264540091806,67.72289640290319,-0.0,41.66666666666667,45.83333333333333,106.42040700593455,-50.0,-8.333333333333343,-4.166666666666657,-38.69751060303136,DOWN,DOWN,DOWN,DOWN,0,0/3,0.20920502092049986,0.20920502092049986,0.4184100418409997,0.20920502092049986
2026-08-06 11:46:41,historical_backfill,2330.TW,2026-07-31 11:10,2026-07-31 11:15,2390.0,2395.0,2390.0,2395.0,285352,-0.0,33.33333333333333,45.83333333333333,86.55737493438652,86.1142219120742,87.44368097901113,-50.0,33.33333333333333,41.66666666666667,67.72289640290319,50.0,0.0,4.166666666666657,19.720784576107945,UP,FLAT,UP,UP,2,2/3,0.0,0.0,0.0,0.20876826722338038
2026-08-06 11:46:41,historical_backfill,2330.TW,2026-07-31 11:15,2026-07-31 11:20,2395.0,2395.0,2390.0,2395.0,405296,-0.0,33.33333333333333,45.83333333333333,91.03824995625769,87.75556459346869,97.60362068183568,-0.0,33.33333333333333,45.83333333333333,87.44368097901113,0.0,0.0,0.0,10.159939702824545,FLAT,FLAT,FLAT,UP,1,1/3,0.0,0.0,0.20876826722338038,0.0
2026-08-06 11:46:41,historical_backfill,2330.TW,2026-07-31 11:20,2026-07-31 11:25,2395.0,2400.0,2390.0,2395.0,1651920,-33.33333333333333,25.0,45.83333333333333,82.91438885972734,86.14183934888824,76.45948788140552,-0.0,33.33333333333333,45.83333333333333,97.60362068183568,-33.33333333333333,-8.333333333333329,0.0,-21.144132800430157,DOWN,DOWN,FLAT,DOWN,0,0/3,0.0,0.20876826722338038,0.0,0.0
2026-08-06 11:46:41,historical_backfill,2330.TW,2026-07-31 11:25,2026-07-31 11:30,2400.0,2400.0,2395.0,2395.0,337311,-33.33333333333333,25.0,41.66666666666667,77.49848146204044,83.26072005327231,65.97400427957672,-33.33333333333333,25.0,45.83333333333333,76.45948788140552,0.0,0.0,-4.166666666666657,-10.485483601828804,FLAT,FLAT,DOWN,DOWN,0,0/3,0.0,0.0,0.0,0.41753653444676075
2026-08-06 11:46:41,historical_backfill,2330.TW,2026-07-31 11:30,2026-07-31 11:35,2395.0,2400.0,2395.0,2395.0,294241,-50.0,16.666666666666664,37.5,73.88787653024919,80.13643887893126,61.39075183288506,-33.33333333333333,25.0,41.66666666666667,65.97400427957672,-16.66666666666667,-8.333333333333336,-4.166666666666671,-4.5832524466916595,DOWN,DOWN,DOWN,DOWN,0,0/3,0.20876826722338038,0.20876826722338038,0.0,1.2526096033402823
2026-08-06 11:46:41,historical_backfill,2330.TW,2026-07-31 11:35,2026-07-31 11:40,2400.0,2400.0,2395.0,2400.0,241170,-0.0,25.0,41.66666666666667,82.59191768683279,80.95493181489843,85.86588943070149,-50.0,16.666666666666664,37.5,61.39075183288506,50.0,8.333333333333336,4.166666666666671,24.475137597816428,UP,UP,UP,UP,3,3/3,-0.2083333333333326,-0.2083333333333326,-0.2083333333333326,0.8333333333333304
2026-08-06 11:46:41,historical_backfill,2330.TW,2026-07-31 11:40,2026-07-31 11:45,2400.0,2400.0,2395.0,2395.0,261091,-50.0,25.0,37.5,77.28350068011075,79.73112143663587,72.38825916706048,-0.0,25.0,41.66666666666667,85.86588943070149,-50.0,0.0,-4.166666666666671,-13.477630263641004,DOWN,FLAT,DOWN,DOWN,0,0/3,0.20876826722338038,0.0,0.20876826722338038,1.0438413361169019
2026-08-06 11:46:41,historical_backfill,2330.TW,2026-07-31 11:45,2026-07-31 11:50,2400.0,2400.0,2395.0,2400.0,329840,-0.0,25.0,37.5,84.85566712007383,81.4393033311152,91.6883946979911,-50.0,25.0,37.5,72.38825916706048,50.0,0.0,0.0,19.300135530930618,UP,FLAT,FLAT,UP,2,2/3,-0.2083333333333326,-0.2083333333333326,-0.2083333333333326,0.8333333333333304
2026-08-06 11:46:41,historical_backfill,2330.TW,2026-07-31 11:50,2026-07-31 11:55,2400.0,2400.0,2395.0,2395.0,289280,-100.0,25.0,37.5,73.23711141338255,78.70523935853765,62.30085552307236,-0.0,25.0,37.5,91.6883946979911,-100.0,0.0,0.0,-29.387539174918743,DOWN,FLAT,FLAT,DOWN,0,0/3,0.0,0.0,0.0,1.0438413361169019
2026-08-06 11:46:41,historical_backfill,2330.TW,2026-07-31 11:55,2026-07-31 12:00,2395.0,2400.0,2395.0,2395.0,277909,-100.0,25.0,37.5,65.4914076089217,74.30062877533233,47.87296527610047,-100.0,25.0,37.5,62.30085552307236,0.0,0.0,0.0,-14.427890246971884,FLAT,FLAT,FLAT,DOWN,0,0/3,0.0,0.20876826722338038,0.41753653444676075,1.0438413361169019
2026-08-06 11:46:41,historical_backfill,2330.TW,2026-07-31 12:00,2026-07-31 12:05,2400.0,2400.0,2395.0,2395.0,322703,-100.0,25.0,33.33333333333333,60.32760507261447,69.6429542077597,41.69690680232401,-100.0,25.0,37.5,47.87296527610047,0.0,0.0,-4.166666666666671,-6.1760584737764646,FLAT,FLAT,DOWN,DOWN,0,0/3,0.0,0.0,1.2526096033402823,1.0438413361169019
2026-08-06 11:46:41,historical_backfill,2330.TW,2026-07-31 12:05,2026-07-31 12:10,2400.0,2400.0,2395.0,2395.0,441390,-100.0,25.0,29.166666666666668,40.21840338174298,59.834770599087456,0.9856689470540374,-100.0,25.0,33.33333333333333,41.69690680232401,0.0,0.0,-4.166666666666661,-40.71123785526997,FLAT,FLAT,DOWN,DOWN,0,0/3,0.20876826722338038,0.0,1.0438413361169019,1.2526096033402823
2026-08-06 11:46:41,historical_backfill,2330.TW,2026-07-31 12:10,2026-07-31 12:15,2400.0,2400.0,2395.0,2400.0,509076,-0.0,25.0,29.166666666666668,60.145602254495316,59.93838115089007,60.5600444617058,-100.0,25.0,29.166666666666668,0.9856689470540374,100.0,0.0,0.0,59.57437551465176,UP,FLAT,FLAT,UP,2,2/3,-0.2083333333333326,0.2083333333333437,0.8333333333333304,1.041666666666674
2026-08-06 11:46:41,historical_backfill,2330.TW,2026-07-31 12:15,2026-07-31 12:20,2395.0,2400.0,2390.0,2395.0,941121,-50.0,25.0,29.166666666666668,56.76373483633021,58.88016571270345,52.53087308358373,-0.0,25.0,29.166666666666668,60.5600444617058,-50.0,0.0,0.0,-8.029171378122072,DOWN,FLAT,FLAT,DOWN,0,0/3,0.0,1.2526096033402823,1.0438413361169019,1.2526096033402823
2026-08-06 11:46:41,historical_backfill,2330.TW,2026-07-31 12:20,2026-07-31 12:25,2400.0,2400.0,2395.0,2395.0,200590,-50.0,25.0,25.0,54.50915655755347,57.42316266098678,48.681144350686836,-50.0,25.0,29.166666666666668,52.53087308358373,0.0,0.0,-4.166666666666668,-3.8497287328968923,FLAT,FLAT,DOWN,DOWN,0,0/3,0.41753653444676075,1.0438413361169019,1.0438413361169019,1.2526096033402823
2026-08-06 11:46:41,historical_backfill,2330.TW,2026-07-31 12:25,2026-07-31 12:30,2400.0,2405.0,2395.0,2405.0,2035060,-0.0,33.33333333333333,29.166666666666668,69.67277103836898,61.50636545344751,86.00558220821192,-50.0,25.0,25.0,48.681144350686836,50.0,8.333333333333329,4.166666666666668,37.32443785752508,UP,UP,UP,UP,3,3/3,0.8316008316008316,0.6237006237006293,0.6237006237006293,-1.039501039501034
2026-08-06 11:46:41,historical_backfill,2330.TW,2026-07-31 12:30,2026-07-31 12:35,2405.0,2425.0,2400.0,2425.0,5381319,-0.0,41.66666666666667,29.166666666666668,79.78184735891266,67.59819275526922,104.14915656619951,-0.0,33.33333333333333,29.166666666666668,86.00558220821192,0.0,8.333333333333343,0.0,18.14357435798759,FLAT,UP,FLAT,UP,2,2/3,-0.20618556701030855,-0.20618556701030855,-0.20618556701030855,-1.855670103092788
2026-08-06 11:46:41,historical_backfill,2330.TW,2026-07-31 12:35,2026-07-31 12:40,2420.0,2425.0,2415.0,2420.0,1728226,-14.285714285714285,33.33333333333333,29.166666666666668,81.75932681070367,72.31857077374737,100.64083888461627,-0.0,41.66666666666667,29.166666666666668,104.14915656619951,-14.285714285714285,-8.333333333333343,0.0,-3.508317681583236,DOWN,DOWN,FLAT,DOWN,0,0/3,0.0,0.0,0.20661157024792765,-1.446280991735538
2026-08-06 11:46:41,historical_backfill,2330.TW,2026-07-31 12:40,2026-07-31 12:45,2420.0,2425.0,2415.0,2420.0,837730,-16.666666666666664,33.33333333333333,29.166666666666668,83.07764644523103,75.90492933090859,97.42308067387589,-14.285714285714285,33.33333333333333,29.166666666666668,100.64083888461627,-2.3809523809523796,0.0,0.0,-3.217758210740385,DOWN,FLAT,FLAT,DOWN,0,0/3,0.0,0.0,0.20661157024792765,-1.8595041322314043
2026-08-06 11:46:41,historical_backfill,2330.TW,2026-07-31 12:45,2026-07-31 12:50,2420.0,2425.0,2415.0,2420.0,1189489,-16.666666666666664,25.0,25.0,83.95652620158258,78.5887949544666,94.69198869581456,-16.666666666666664,33.33333333333333,29.166666666666668,97.42308067387589,0.0,-8.333333333333329,-4.166666666666668,-2.731091978061329,FLAT,DOWN,DOWN,DOWN,0,0/3,0.0,0.0,0.20661157024792765,-1.6528925619834656
2026-08-06 11:46:41,historical_backfill,2330.TW,2026-07-31 12:50,2026-07-31 12:55,2425.0,2425.0,2420.0,2420.0,603777,-20.0,25.0,25.0,84.54244603915028,80.57334531602783,92.4806474853952,-16.666666666666664,25.0,25.0,94.69198869581456,-3.3333333333333357,0.0,0.0,-2.211341210419363,DOWN,FLAT,FLAT,DOWN,0,0/3,0.0,0.20661157024792765,0.20661157024792765,-1.8595041322314043
2026-08-06 11:46:41,historical_backfill,2330.TW,2026-07-31 12:55,2026-07-31 13:00,2425.0,2425.0,2420.0,2420.0,1377094,-50.0,25.0,25.0,84.93305926419542,82.02658329875037,90.74601119508552,-20.0,25.0,25.0,92.4806474853952,-30.0,0.0,0.0,-1.7346362903096804,DOWN,FLAT,FLAT,DOWN,0,0/3,0.0,0.20661157024792765,-1.6528925619834656,-2.066115702479343
2026-08-06 11:46:41,historical_backfill,2330.TW,2026-07-31 13:00,2026-07-31 13:05,2425.0,2425.0,2420.0,2420.0,1363691,-50.0,25.0,25.0,84.39981728724139,82.81766129491405,87.56412927189609,-50.0,25.0,25.0,90.74601119508552,0.0,0.0,0.0,-3.1818819231894224,FLAT,FLAT,FLAT,DOWN,0,0/3,0.20661157024792765,0.20661157024792765,-1.6528925619834656,-2.2727272727272707
2026-08-06 11:46:41,historical_backfill,2330.TW,2026-07-31 13:05,2026-07-31 13:10,2425.0,2425.0,2420.0,2425.0,805890,-0.0,33.33333333333333,29.166666666666668,89.59987819149426,85.07840026044079,98.64283405360118,-50.0,25.0,25.0,87.56412927189609,50.0,8.333333333333329,4.166666666666668,11.078704781705085,UP,UP,UP,UP,3,3/3,0.0,0.0,-1.6494845360824795,-2.0618556701030966
2026-08-06 11:46:41,historical_backfill,2330.TW,2026-07-31 13:10,2026-07-31 13:15,2425.0,2425.0,2420.0,2425.0,1179417,-0.0,25.0,25.0,93.06658546099618,87.74112866062592,103.7174990617367,-0.0,33.33333333333333,29.166666666666668,98.64283405360118,0.0,-8.333333333333329,-4.166666666666668,5.074665008135526,FLAT,DOWN,DOWN,UP,1,1/3,0.0,-1.855670103092788,-2.0618556701030966,-2.0618556701030966
2026-08-06 11:46:41,historical_backfill,2330.TW,2026-07-31 13:15,2026-07-31 13:20,2425.0,2425.0,2420.0,2425.0,5032707,-0.0,25.0,25.0,95.37772364066412,90.28666032063865,105.55985028071507,-0.0,25.0,25.0,103.7174990617367,0.0,0.0,0.0,1.842351218978365,FLAT,FLAT,FLAT,UP,1,1/3,0.0,-1.855670103092788,-1.855670103092788,-2.0618556701030966
2026-08-06 11:46:41,historical_backfill,2330.TW,2026-07-31 13:20,2026-07-31 13:25,2425.0,2425.0,2420.0,2425.0,2451832,-0.0,25.0,25.0,96.9184824271094,92.49726768946222,105.76091190240376,-0.0,25.0,25.0,105.55985028071507,0.0,0.0,0.0,0.20106162168869446,FLAT,FLAT,FLAT,UP,1,1/3,-1.855670103092788,-1.6494845360824795,-2.0618556701030966,-1.855670103092788
2026-08-06 11:46:41,historical_backfill,2330.TW,2026-08-03 09:00,2026-08-03 09:05,2390.0,2395.0,2365.0,2380.0,0,-75.0,16.666666666666664,25.0,72.94565495140627,85.98006344344357,46.87683796733168,-0.0,25.0,25.0,105.76091190240376,-75.0,-8.333333333333336,0.0,-58.88407393507208,DOWN,DOWN,FLAT,DOWN,0,0/3,0.0,-0.21008403361344463,-0.42016806722688926,0.0
2026-08-06 11:46:41,historical_backfill,2330.TW,2026-08-03 09:05,2026-08-03 09:10,2375.0,2380.0,2375.0,2380.0,800000,-75.0,8.333333333333332,25.0,56.96376996760418,76.30796561816378,18.275378666484983,-75.0,16.666666666666664,25.0,46.87683796733168,0.0,-8.333333333333332,0.0,-28.6014593008467,FLAT,DOWN,FLAT,DOWN,0,0/3,0.21008403361344463,0.0,-0.6302521008403339,0.0
2026-08-06 11:46:41,historical_backfill,2330.TW,2026-08-03 09:10,2026-08-03 09:15,2375.0,2385.0,2375.0,2385.0,1588959,-66.66666666666666,16.666666666666664,25.0,49.08695775618056,67.23429633083605,12.792280606869582,-75.0,8.333333333333332,25.0,18.275378666484983,8.333333333333343,8.333333333333332,0.0,-5.483098059615401,UP,UP,FLAT,DOWN,2,2/3,-0.41928721174003813,-0.41928721174003813,-0.41928721174003813,-0.20964360587002462
2026-08-06 11:46:41,historical_backfill,2330.TW,2026-08-03 09:15,2026-08-03 09:20,2380.0,2385.0,2375.0,2375.0,636202,-83.33333333333334,16.666666666666664,25.0,38.28019405967593,57.582928907116006,-0.3252756352042212,-66.66666666666666,16.666666666666664,25.0,12.792280606869582,-16.666666666666686,0.0,0.0,-13.117556242073803,DOWN,FLAT,FLAT,DOWN,0,0/3,0.21052631578948322,-0.21052631578947212,0.0,0.6315789473684275
2026-08-06 11:46:41,historical_backfill,2330.TW,2026-08-03 09:20,2026-08-03 09:25,2375.0,2380.0,2375.0,2380.0,347726,-50.0,25.0,25.0,33.85346270645062,49.67310684022755,2.2141744388967766,-83.33333333333334,16.666666666666664,25.0,-0.3252756352042212,33.33333333333334,8.333333333333336,0.0,2.5394500741009978,UP,UP,FLAT,UP,3,3/3,-0.21008403361344463,-0.6302521008403339,-0.21008403361344463,0.21008403361344463
2026-08-06 11:46:41,historical_backfill,2330.TW,2026-08-03 09:25,2026-08-03 09:30,2375.0,2380.0,2370.0,2375.0,1111902,-66.66666666666666,25.0,25.0,28.124530693189303,42.49024812454813,-0.6069041695283488,-50.0,25.0,25.0,2.2141744388967766,-16.666666666666657,0.0,0.0,-2.8210786084251254,DOWN,FLAT,FLAT,DOWN,0,0/3,-0.21052631578947212,0.0,0.21052631578948322,0.21052631578948322
2026-08-06 11:46:41,historical_backfill,2330.TW,2026-08-03 09:30,2026-08-03 09:35,2375.0,2380.0,2370.0,2370.0,569648,-100.0,25.0,25.0,21.527464906570646,35.502653718555635,-6.422912717399328,-66.66666666666666,25.0,25.0,-0.6069041695283488,-33.33333333333334,0.0,0.0,-5.816008547870979,DOWN,FLAT,FLAT,DOWN,0,0/3,-0.21097046413501852,0.21097046413502962,0.42194092827003704,0.42194092827003704
2026-08-06 11:46:41,historical_backfill,2330.TW,2026-08-03 09:35,2026-08-03 09:40,2375.0,2375.0,2365.0,2365.0,1132649,-100.0,25.0,25.0,14.351643271047097,28.452316902719456,-13.84970399229762,-100.0,25.0,25.0,-6.422912717399328,0.0,0.0,0.0,-7.426791274898292,FLAT,FLAT,FLAT,DOWN,0,0/3,0.42283298097252064,0.42283298097252064,0.634249471458781,0.634249471458781
2026-08-06 11:46:41,historical_backfill,2330.TW,2026-08-03 09:40,2026-08-03 09:45,2370.0,2375.0,2365.0,2375.0,781989,-33.33333333333333,25.0,29.166666666666668,20.67887329180917,25.86116903241603,10.31428181059546,-100.0,25.0,25.0,-13.84970399229762,66.66666666666667,0.0,4.166666666666668,24.16398580289308,UP,FLAT,UP,UP,2,2/3,0.0,0.21052631578948322,0.21052631578948322,0.21052631578948322
2026-08-06 11:46:41,historical_backfill,2330.TW,2026-08-03 09:45,2026-08-03 09:50,2375.0,2375.0,2370.0,2375.0,363291,-33.33333333333333,25.0,25.0,30.452582194539445,27.39164008645717,36.574466410704,-33.33333333333333,25.0,29.166666666666668,10.31428181059546,0.0,0.0,-4.166666666666668,26.260184600108538,FLAT,FLAT,DOWN,UP,1,1/3,0.0,0.21052631578948322,0.6315789473684275,0.21052631578948322
2026-08-06 11:46:41,historical_backfill,2330.TW,2026-08-03 09:50,2026-08-03 09:55,2375.0,2380.0,2370.0,2375.0,390566,-33.33333333333333,25.0,25.0,36.96838812969296,30.583889434202433,49.737385520674025,-33.33333333333333,25.0,25.0,36.574466410704,0.0,0.0,0.0,13.162919109970026,FLAT,FLAT,FLAT,UP,1,1/3,0.21052631578948322,0.21052631578948322,0.42105263157894424,0.21052631578948322
2026-08-06 11:46:41,historical_backfill,2330.TW,2026-08-03 09:55,2026-08-03 10:00,2380.0,2380.0,2375.0,2380.0,187322,-0.0,33.33333333333333,29.166666666666668,49.64559208646197,36.93779031828894,75.06119562280803,-33.33333333333333,25.0,25.0,49.737385520674025,33.33333333333333,8.333333333333329,4.166666666666668,25.323810102134004,UP,UP,UP,UP,3,3/3,0.0,0.0,0.0,-0.21008403361344463
2026-08-06 11:46:41,historical_backfill,2330.TW,2026-08-03 10:00,2026-08-03 10:05,2375.0,2380.0,2375.0,2380.0,329677,-0.0,33.33333333333333,25.0,66.43039472430797,46.76865845362861,105.7538672656667,-0.0,33.33333333333333,29.166666666666668,75.06119562280803,0.0,0.0,-4.166666666666668,30.69267164285867,FLAT,FLAT,DOWN,UP,1,1/3,0.0,0.42016806722688926,0.0,0.0
2026-08-06 11:46:41,historical_backfill,2330.TW,2026-08-03 10:05,2026-08-03 10:10,2380.0,2380.0,2375.0,2380.0,250908,-0.0,33.33333333333333,20.833333333333336,77.62026314953864,57.05252668559862,118.7557360774187,-0.0,33.33333333333333,25.0,105.7538672656667,0.0,0.0,-4.166666666666664,13.001868811752004,FLAT,FLAT,DOWN,UP,1,1/3,0.0,0.21008403361344463,0.0,-0.21008403361344463
2026-08-06 11:46:41,historical_backfill,2330.TW,2026-08-03 10:10,2026-08-03 10:15,2380.0,2380.0,2375.0,2380.0,324530,-0.0,25.0,20.833333333333336,85.08017543302576,66.39507626807433,122.45037376292859,-0.0,33.33333333333333,20.833333333333336,118.7557360774187,0.0,-8.333333333333329,0.0,3.694637685509889,FLAT,DOWN,FLAT,UP,1,1/3,0.42016806722688926,0.0,0.0,-0.21008403361344463
2026-08-06 11:46:41,historical_backfill,2330.TW,2026-08-03 10:15,2026-08-03 10:20,2380.0,2390.0,2375.0,2390.0,1389493,-0.0,33.33333333333333,25.0,90.05345028868385,74.28120094161083,121.59794898282988,-0.0,25.0,20.833333333333336,122.45037376292859,0.0,8.333333333333329,4.166666666666664,-0.8524247800987155,FLAT,UP,UP,DOWN,1,1/3,-0.20920502092049986,-0.4184100418409997,-0.4184100418409997,-0.8368200836820106
2026-08-06 11:46:41,historical_backfill,2330.TW,2026-08-03 10:20,2026-08-03 10:25,2385.0,2395.0,2380.0,2385.0,1065589,-50.0,25.0,25.0,82.25785574801145,76.9400858770777,92.89339548987894,-0.0,33.33333333333333,25.0,121.59794898282988,-50.0,-8.333333333333329,0.0,-28.704553492950936,DOWN,DOWN,FLAT,DOWN,0,0/3,-0.20964360587002462,-0.20964360587002462,-0.20964360587002462,-0.41928721174003813
2026-08-06 11:46:41,historical_backfill,2330.TW,2026-08-03 10:25,2026-08-03 10:30,2385.0,2385.0,2375.0,2380.0,322632,-75.0,25.0,25.0,68.17190383200763,74.017358528721,56.48099443858089,-50.0,25.0,25.0,92.89339548987894,-25.0,0.0,0.0,-36.41240105129805,DOWN,FLAT,FLAT,DOWN,0,0/3,0.0,0.0,-0.21008403361344463,-0.21008403361344463
2026-08-06 11:46:41,historical_backfill,2330.TW,2026-08-03 10:30,2026-08-03 10:35,2380.0,2385.0,2375.0,2380.0,231218,-75.0,25.0,25.0,58.78126922133842,68.9386620929268,38.46648347816165,-75.0,25.0,25.0,56.48099443858089,0.0,0.0,0.0,-18.014510960419244,FLAT,FLAT,FLAT,DOWN,0,0/3,0.0,0.0,0.0,-0.42016806722688926
2026-08-06 11:46:41,historical_backfill,2330.TW,2026-08-03 10:35,2026-08-03 10:40,2380.0,2385.0,2380.0,2380.0,372085,-75.0,25.0,25.0,47.52084614755895,61.79939011113752,18.9637582204018,-75.0,25.0,25.0,38.46648347816165,0.0,0.0,0.0,-19.50272525775985,FLAT,FLAT,FLAT,DOWN,0,0/3,0.0,0.0,-0.21008403361344463,-0.42016806722688926
2026-08-06 11:46:41,historical_backfill,2330.TW,2026-08-03 10:40,2026-08-03 10:45,2380.0,2385.0,2375.0,2380.0,227110,-75.0,16.666666666666664,20.833333333333336,40.01389743170596,54.53755921799367,10.966573859130548,-75.0,25.0,25.0,18.9637582204018,0.0,-8.333333333333336,-4.166666666666664,-7.997184361271252,FLAT,DOWN,DOWN,DOWN,0,0/3,0.0,-0.21008403361344463,-0.21008403361344463,-0.21008403361344463
2026-08-06 11:46:41,historical_backfill,2330.TW,2026-08-03 10:45,2026-08-03 10:50,2380.0,2380.0,2375.0,2380.0,124532,-50.0,16.666666666666664,20.833333333333336,35.009264954470645,48.02812779681933,8.971539269773288,-75.0,16.666666666666664,20.833333333333336,10.966573859130548,25.0,0.0,0.0,-1.9950345893572603,UP,FLAT,FLAT,DOWN,1,1/3,0.0,0.0,-0.42016806722688926,-0.21008403361344463
2026-08-06 11:46:41,historical_backfill,2330.TW,2026-08-03 10:50,2026-08-03 10:55,2380.0,2385.0,2375.0,2380.0,319223,-50.0,16.666666666666664,20.833333333333336,31.67284330298043,42.576366298873026,9.865797311195237,-50.0,16.666666666666664,20.833333333333336,8.971539269773288,0.0,0.0,0.0,0.8942580414219492,FLAT,FLAT,FLAT,UP,1,1/3,-0.21008403361344463,-0.21008403361344463,-0.21008403361344463,0.0
2026-08-06 11:46:41,historical_backfill,2330.TW,2026-08-03 10:55,2026-08-03 11:00,2380.0,2385.0,2375.0,2375.0,185396,-100.0,8.333333333333332,20.833333333333336,21.11522886865362,35.42265382213322,-7.499621038305577,-50.0,16.666666666666664,20.833333333333336,9.865797311195237,-50.0,-8.333333333333332,0.0,-17.365418349500814,DOWN,DOWN,FLAT,DOWN,0,0/3,0.21052631578948322,0.0,0.0,0.0
2026-08-06 11:46:41,historical_backfill,2330.TW,2026-08-03 11:00,2026-08-03 11:05,2375.0,2380.0,2375.0,2380.0,204370,-50.0,16.666666666666664,25.0,22.410152579102412,31.08515340778962,5.060150921727995,-100.0,8.333333333333332,20.833333333333336,-7.499621038305577,50.0,8.333333333333332,4.166666666666664,12.559771960033572,UP,UP,UP,UP,3,3/3,-0.21008403361344463,-0.42016806722688926,-0.42016806722688926,-0.42016806722688926
2026-08-06 11:46:41,historical_backfill,2330.TW,2026-08-03 11:05,2026-08-03 11:10,2380.0,2380.0,2375.0,2375.0,226872,-100.0,16.666666666666664,25.0,14.940101719401609,25.703469511660284,-6.5866338651157434,-50.0,16.666666666666664,25.0,5.060150921727995,-50.0,0.0,0.0,-11.646784786843739,DOWN,FLAT,FLAT,DOWN,0,0/3,0.0,0.0,-0.21052631578947212,0.0
2026-08-06 11:46:41,historical_backfill,2330.TW,2026-08-03 11:10,2026-08-03 11:15,2375.0,2380.0,2375.0,2375.0,82294,-100.0,16.666666666666664,20.833333333333336,9.960067812934406,20.455668945418324,-11.031134452033427,-100.0,16.666666666666664,25.0,-6.5866338651157434,0.0,0.0,-4.166666666666664,-4.444500586917684,FLAT,FLAT,DOWN,DOWN,0,0/3,-0.21052631578947212,0.0,0.0,0.0
2026-08-06 11:46:41,historical_backfill,2330.TW,2026-08-03 11:15,2026-08-03 11:20,2380.0,2380.0,2370.0,2370.0,627218,-100.0,8.333333333333332,20.833333333333336,6.640045208622937,15.850461033153195,-11.780786440437577,-100.0,16.666666666666664,20.833333333333336,-11.031134452033427,0.0,-8.333333333333332,0.0,-0.7496519884041497,FLAT,DOWN,FLAT,DOWN,0,0/3,0.21097046413502962,0.0,0.21097046413502962,0.0
2026-08-06 11:46:41,historical_backfill,2330.TW,2026-08-03 11:20,2026-08-03 11:25,2370.0,2375.0,2370.0,2375.0,197231,-50.0,16.666666666666664,20.833333333333336,15.537807916859734,15.746243327722041,15.120937095135119,-100.0,8.333333333333332,20.833333333333336,-11.780786440437577,50.0,8.333333333333332,0.0,26.901723535572696,UP,UP,FLAT,UP,3,3/3,0.0,-0.21052631578947212,0.21052631578948322,0.0
2026-08-06 11:46:41,historical_backfill,2330.TW,2026-08-03 11:25,2026-08-03 11:30,2375.0,2375.0,2370.0,2375.0,205146,-50.0,16.666666666666664,20.833333333333336,21.469649722350933,17.654045459265006,29.100858248522783,-50.0,16.666666666666664,20.833333333333336,15.120937095135119,0.0,0.0,0.0,13.979921153387664,FLAT,FLAT,FLAT,UP,1,1/3,-0.21052631578947212,0.0,0.0,-0.21052631578947212
2026-08-06 11:46:41,historical_backfill,2330.TW,2026-08-03 11:30,2026-08-03 11:35,2375.0,2375.0,2370.0,2370.0,133090,-100.0,16.666666666666664,20.833333333333336,14.313099814900623,16.540396911143546,9.858505622414775,-50.0,16.666666666666664,20.833333333333336,29.100858248522783,-50.0,0.0,0.0,-19.24235262610801,DOWN,FLAT,FLAT,DOWN,0,0/3,0.0,0.21097046413502962,0.0,0.42194092827003704
2026-08-06 11:46:41,historical_backfill,2330.TW,2026-08-03 11:35,2026-08-03 11:40,2375.0,2375.0,2370.0,2370.0,123730,-100.0,16.666666666666664,20.833333333333336,9.542066543267081,14.207620121851392,0.21095938609845888,-100.0,16.666666666666664,20.833333333333336,9.858505622414775,0.0,0.0,0.0,-9.647546236316316,FLAT,FLAT,FLAT,DOWN,0,0/3,0.21097046413502962,0.42194092827003704,0.21097046413502962,0.21097046413502962
2026-08-06 11:46:41,historical_backfill,2330.TW,2026-08-03 11:40,2026-08-03 11:45,2375.0,2375.0,2370.0,2375.0,113776,-0.0,25.0,20.833333333333336,23.028044362178054,17.14776153529361,34.788610015946944,-100.0,16.666666666666664,20.833333333333336,0.21095938609845888,100.0,8.333333333333336,0.0,34.577650629848485,UP,UP,FLAT,UP,3,3/3,0.0,0.0,0.0,0.0
2026-08-06 11:46:41,historical_backfill,2330.TW,2026-08-03 11:45,2026-08-03 11:50,2370.0,2380.0,2370.0,2375.0,775022,-50.0,25.0,20.833333333333336,32.018696241452034,22.104739770679753,51.846609182996595,-0.0,25.0,20.833333333333336,34.788610015946944,-50.0,0.0,0.0,17.05799916704965,DOWN,FLAT,FLAT,UP,1,1/3,0.21052631578948322,-0.21052631578947212,-0.21052631578947212,0.0
2026-08-06 11:46:41,historical_backfill,2330.TW,2026-08-03 11:50,2026-08-03 11:55,2375.0,2380.0,2370.0,2380.0,277628,-0.0,33.33333333333333,25.0,54.67913082763469,32.96287012299806,98.11165223690794,-50.0,25.0,20.833333333333336,51.846609182996595,50.0,8.333333333333329,4.166666666666664,46.26504305391135,UP,UP,UP,UP,3,3/3,-0.21008403361344463,-0.21008403361344463,-0.21008403361344463,-0.42016806722688926
2026-08-06 11:46:41,historical_backfill,2330.TW,2026-08-03 11:55,2026-08-03 12:00,2380.0,2380.0,2370.0,2375.0,167124,-50.0,33.33333333333333,20.833333333333336,53.119420551756455,39.68172026591753,79.9948211234343,-0.0,33.33333333333333,25.0,98.11165223690794,-50.0,0.0,-4.166666666666664,-18.116831113473637,DOWN,FLAT,DOWN,DOWN,0,0/3,-0.21052631578947212,0.0,-0.21052631578947212,0.0
2026-08-06 11:46:41,historical_backfill,2330.TW,2026-08-03 12:00,2026-08-03 12:05,2370.0,2375.0,2370.0,2370.0,117854,-100.0,25.0,20.833333333333336,35.412947034504306,38.25879585544646,29.72124939262001,-50.0,33.33333333333333,20.833333333333336,79.9948211234343,-50.0,-8.333333333333329,0.0,-50.2735717308143,DOWN,DOWN,FLAT,DOWN,0,0/3,0.21097046413502962,0.0,0.42194092827003704,0.21097046413502962
2026-08-06 11:46:41,historical_backfill,2330.TW,2026-08-03 12:05,2026-08-03 12:10,2375.0,2375.0,2370.0,2375.0,93926,-50.0,33.33333333333333,25.0,40.27529802300287,38.930963244631926,42.96396757974475,-100.0,25.0,20.833333333333336,29.72124939262001,50.0,8.333333333333329,4.166666666666664,13.242718187124737,UP,UP,UP,UP,3,3/3,0.0,0.0,0.0,0.0
2026-08-06 11:46:41,historical_backfill,2330.TW,2026-08-03 12:10,2026-08-03 12:15,2375.0,2375.0,2370.0,2375.0,192793,-50.0,33.33333333333333,25.0,43.51686534866858,40.459597279310806,49.63140148738414,-50.0,33.33333333333333,25.0,42.96396757974475,0.0,0.0,0.0,6.667433907639392,FLAT,FLAT,FLAT,UP,1,1/3,-0.21052631578947212,-0.21052631578947212,0.0,0.0
2026-08-06 11:46:41,historical_backfill,2330.TW,2026-08-03 12:15,2026-08-03 12:20,2375.0,2375.0,2370.0,2370.0,201423,-100.0,33.33333333333333,20.833333333333336,29.011243565779054,36.64347937480022,13.746771947736718,-50.0,33.33333333333333,25.0,49.63140148738414,-50.0,0.0,-4.166666666666664,-35.88462953964742,DOWN,FLAT,DOWN,DOWN,0,0/3,0.21097046413502962,0.42194092827003704,0.21097046413502962,0.0
2026-08-06 11:46:41,historical_backfill,2330.TW,2026-08-03 12:20,2026-08-03 12:25,2370.0,2375.0,2370.0,2375.0,188182,-0.0,33.33333333333333,25.0,36.00749571051937,36.43148482003994,35.159517491478226,-100.0,33.33333333333333,20.833333333333336,13.746771947736718,100.0,0.0,4.166666666666664,21.412745543741508,UP,FLAT,UP,UP,2,2/3,-0.21052631578947212,0.0,-0.21052631578947212,-0.21052631578947212
2026-08-06 11:46:41,historical_backfill,2330.TW,2026-08-03 12:25,2026-08-03 12:30,2375.0,2375.0,2370.0,2370.0,208807,-100.0,33.33333333333333,25.0,24.004997140346248,32.28932226014204,7.436346900754657,-0.0,33.33333333333333,25.0,35.159517491478226,-100.0,0.0,0.0,-27.72317059072357,DOWN,FLAT,FLAT,DOWN,0,0/3,0.42194092827003704,0.21097046413502962,0.21097046413502962,-2.1097046413502074
2026-08-06 11:46:41,historical_backfill,2330.TW,2026-08-03 12:30,2026-08-03 12:35,2370.0,2380.0,2370.0,2380.0,392648,-0.0,41.66666666666667,29.166666666666668,49.33666476023083,37.97176976017164,72.06645476034922,-100.0,33.33333333333333,25.0,7.436346900754657,100.0,8.333333333333343,4.166666666666668,64.63010785959456,UP,UP,UP,UP,3,3/3,-0.21008403361344463,-0.21008403361344463,-0.21008403361344463,-2.310924369747902
2026-08-06 11:46:41,historical_backfill,2330.TW,2026-08-03 12:35,2026-08-03 12:40,2375.0,2380.0,2370.0,2375.0,451345,-50.0,41.66666666666667,29.166666666666668,49.55777650682055,41.833772009054606,65.00578550235245,-0.0,41.66666666666667,29.166666666666668,72.06645476034922,-50.0,0.0,0.0,-7.060669257996764,DOWN,FLAT,FLAT,DOWN,0,0/3,0.0,-0.21052631578947212,0.0,-2.1052631578947323
2026-08-06 11:46:41,historical_backfill,2330.TW,2026-08-03 12:40,2026-08-03 12:45,2375.0,2380.0,2370.0,2375.0,226362,-50.0,33.33333333333333,29.166666666666668,49.70518433788036,44.45757611866319,60.20040077631471,-50.0,41.66666666666667,29.166666666666668,65.00578550235245,0.0,-8.333333333333343,0.0,-4.805384726037744,FLAT,DOWN,FLAT,DOWN,0,0/3,0.0,0.0,0.0,-2.1052631578947323
2026-08-06 11:46:41,historical_backfill,2330.TW,2026-08-03 12:45,2026-08-03 12:50,2370.0,2375.0,2370.0,2375.0,91002,-50.0,33.33333333333333,29.166666666666668,49.80345622525357,46.23953615419331,56.93129636737409,-50.0,33.33333333333333,29.166666666666668,60.20040077631471,0.0,0.0,0.0,-3.2691044089406205,FLAT,FLAT,FLAT,DOWN,0,0/3,-0.21052631578947212,0.0,-0.21052631578947212,-2.1052631578947323
2026-08-06 11:46:41,historical_backfill,2330.TW,2026-08-03 12:50,2026-08-03 12:55,2375.0,2375.0,2370.0,2370.0,138344,-100.0,25.0,29.166666666666668,33.20230415016905,41.89379215285189,15.819328144803364,-50.0,33.33333333333333,29.166666666666668,56.93129636737409,-50.0,-8.333333333333329,0.0,-41.111968222570724,DOWN,DOWN,FLAT,DOWN,0,0/3,0.21097046413502962,0.21097046413502962,0.0,-1.898734177215189
2026-08-06 11:46:41,historical_backfill,2330.TW,2026-08-03 12:55,2026-08-03 13:00,2375.0,2375.0,2370.0,2375.0,212558,-50.0,33.33333333333333,33.33333333333333,38.8015361001127,40.86304013527216,34.67852802979378,-100.0,25.0,29.166666666666668,15.819328144803364,50.0,8.333333333333329,4.166666666666661,18.859199884990417,UP,UP,UP,UP,3,3/3,0.0,0.0,-2.3157894736842155,-1.8947368421052602
2026-08-06 11:46:41,historical_backfill,2330.TW,2026-08-03 13:00,2026-08-03 13:05,2375.0,2375.0,2370.0,2375.0,238044,-50.0,33.33333333333333,29.166666666666668,42.53435740007513,41.42014589020648,44.762780419812444,-50.0,33.33333333333333,33.33333333333333,34.67852802979378,0.0,0.0,-4.166666666666661,10.084252390018662,FLAT,FLAT,DOWN,UP,1,1/3,0.0,-0.21052631578947212,-2.1052631578947323,-1.8947368421052602
2026-08-06 11:46:41,historical_backfill,2330.TW,2026-08-03 13:05,2026-08-03 13:10,2375.0,2375.0,2370.0,2375.0,427784,-0.0,25.0,29.166666666666668,45.022904933383415,42.621065571265454,49.82658365761934,-50.0,33.33333333333333,29.166666666666668,44.762780419812444,50.0,-8.333333333333329,0.0,5.063803237806894,UP,DOWN,FLAT,UP,2,2/3,0.0,-0.21052631578947212,-2.1052631578947323,-1.684210526315788
2026-08-06 11:46:41,historical_backfill,2330.TW,2026-08-03 13:10,2026-08-03 13:15,2375.0,2375.0,2370.0,2375.0,544524,-0.0,25.0,29.166666666666668,46.68193662225561,43.97468925492884,52.09643135690915,-0.0,25.0,29.166666666666668,49.82658365761934,0.0,0.0,0.0,2.2698476992898122,FLAT,FLAT,FLAT,UP,1,1/3,-0.21052631578947212,-2.3157894736842155,-2.1052631578947323,-1.684210526315788
2026-08-06 11:46:41,historical_backfill,2330.TW,2026-08-03 13:15,2026-08-03 13:20,2375.0,2375.0,2370.0,2370.0,674108,-100.0,25.0,29.166666666666668,31.121291081503742,39.690223197120474,13.983426850270277,-0.0,25.0,29.166666666666668,52.09643135690915,-100.0,0.0,0.0,-38.11300450663887,DOWN,FLAT,FLAT,DOWN,0,0/3,0.0,-1.898734177215189,-1.898734177215189,-0.8438818565400852
2026-08-06 11:46:41,historical_backfill,2330.TW,2026-08-03 13:20,2026-08-03 13:25,2375.0,2375.0,2365.0,2370.0,1523517,-50.0,16.666666666666664,25.0,31.85863849878027,37.079694964340405,21.416525567660003,-100.0,25.0,29.166666666666668,13.983426850270277,50.0,-8.333333333333336,-4.166666666666668,7.433098717389726,UP,DOWN,DOWN,UP,2,2/3,-2.1097046413502074,-1.898734177215189,-1.898734177215189,-0.42194092827003704
2026-08-06 11:46:41,historical_backfill,2330.TW,2026-08-04 09:00,2026-08-04 09:05,2335.0,2335.0,2315.0,2320.0,0,-91.66666666666666,16.666666666666664,25.0,24.01687011029796,32.72542001299292,6.599770304908034,-50.0,16.666666666666664,25.0,21.416525567660003,-41.66666666666666,0.0,0.0,-14.816755262751968,DOWN,FLAT,FLAT,DOWN,0,0/3,0.21551724137931494,0.21551724137931494,0.4310344827586299,1.2931034482758674
2026-08-06 11:46:41,historical_backfill,2330.TW,2026-08-04 09:05,2026-08-04 09:10,2315.0,2325.0,2315.0,2325.0,974000,-83.33333333333334,16.666666666666664,29.166666666666668,21.56680229575419,29.005880773913344,6.688645339435887,-91.66666666666666,16.666666666666664,25.0,6.599770304908034,8.333333333333314,0.0,4.166666666666668,0.08887503452785239,UP,FLAT,UP,UP,2,2/3,0.0,0.0,0.21505376344086446,0.8602150537634357
2026-08-06 11:46:41,historical_backfill,2330.TW,2026-08-04 09:10,2026-08-04 09:15,2325.0,2330.0,2320.0,2325.0,1437831,-83.33333333333334,16.666666666666664,29.166666666666668,19.933423752725016,25.981728433517233,7.836814391140578,-83.33333333333334,16.666666666666664,29.166666666666668,6.688645339435887,0.0,0.0,0.0,1.1481690517046914,FLAT,FLAT,FLAT,UP,1,1/3,0.0,0.0,0.43010752688172893,0.43010752688172893
2026-08-06 11:46:41,historical_backfill,2330.TW,2026-08-04 09:15,2026-08-04 09:20,2325.0,2325.0,2320.0,2325.0,1115647,-83.33333333333334,16.666666666666664,25.0,18.8445047240389,23.60265386369112,9.328206444734455,-83.33333333333334,16.666666666666664,29.166666666666668,7.836814391140578,0.0,0.0,-4.166666666666668,1.4913920535938772,FLAT,FLAT,DOWN,UP,1,1/3,0.0,0.21505376344086446,0.43010752688172893,0.43010752688172893
2026-08-06 11:46:41,historical_backfill,2330.TW,2026-08-04 09:20,2026-08-04 09:25,2325.0,2325.0,2320.0,2325.0,659647,-50.0,16.666666666666664,25.0,18.118558704914822,21.774622144099023,10.806431826546422,-83.33333333333334,16.666666666666664,25.0,9.328206444734455,33.33333333333334,0.0,0.0,1.478225381811967,UP,FLAT,FLAT,UP,2,2/3,0.0,0.21505376344086446,1.0752688172043001,0.21505376344086446
2026-08-06 11:46:41,historical_backfill,2330.TW,2026-08-04 09:25,2026-08-04 09:30,2325.0,2330.0,2320.0,2325.0,597676,-33.33333333333333,16.666666666666664,20.833333333333336,17.634594692165436,20.394612993454494,12.11455808958732,-50.0,16.666666666666664,25.0,10.806431826546422,16.66666666666667,0.0,-4.166666666666664,1.3081262630408972,UP,FLAT,DOWN,UP,2,2/3,0.21505376344086446,0.43010752688172893,1.505376344086029,0.43010752688172893
2026-08-06 11:46:41,historical_backfill,2330.TW,2026-08-04 09:30,2026-08-04 09:35,2325.0,2330.0,2320.0,2330.0,887334,-0.0,16.666666666666664,25.0,20.089729794776957,20.29298526056198,19.68321886320691,-33.33333333333333,16.666666666666664,20.833333333333336,12.11455808958732,33.33333333333333,0.0,4.166666666666664,7.568660773619591,UP,FLAT,UP,UP,2,2/3,0.0,0.21459227467810482,0.8583690987124415,0.21459227467810482
2026-08-06 11:46:41,historical_backfill,2330.TW,2026-08-04 09:35,2026-08-04 09:40,2335.0,2335.0,2325.0,2330.0,681583,-33.33333333333333,16.666666666666664,25.0,21.726486529851304,20.770819016991755,23.637821555570405,-0.0,16.666666666666664,25.0,19.68321886320691,-33.33333333333333,0.0,0.0,3.954602692363494,DOWN,FLAT,FLAT,UP,1,1/3,0.21459227467810482,0.8583690987124415,0.6437768240343367,0.21459227467810482
2026-08-06 11:46:41,historical_backfill,2330.TW,2026-08-04 09:40,2026-08-04 09:45,2330.0,2335.0,2325.0,2335.0,561479,-0.0,25.0,25.0,47.817657686567536,29.78643190685035,83.8801092460019,-33.33333333333333,16.666666666666664,25.0,23.637821555570405,33.33333333333333,8.333333333333336,0.0,60.24228769043149,UP,UP,FLAT,UP,3,3/3,0.0,1.0706638115631772,0.0,0.0
2026-08-06 11:46:41,historical_backfill,2330.TW,2026-08-04 09:45,2026-08-04 09:50,2335.0,2340.0,2330.0,2335.0,527707,-25.0,25.0,25.0,58.54510512437836,39.37265631269302,96.89000274774905,-0.0,25.0,25.0,83.8801092460019,-25.0,0.0,0.0,13.009893501747158,DOWN,FLAT,FLAT,UP,1,1/3,0.6423982869379063,0.6423982869379063,0.0,0.0
2026-08-06 11:46:41,historical_backfill,2330.TW,2026-08-04 09:50,2026-08-04 09:55,2340.0,2350.0,2335.0,2350.0,1169890,-0.0,33.33333333333333,29.166666666666668,72.36340341625224,50.36957201387943,116.35106622099785,-25.0,25.0,25.0,96.89000274774905,25.0,8.333333333333329,4.166666666666668,19.4610634732488,UP,UP,UP,UP,3,3/3,0.42553191489360653,-0.21276595744680327,-0.8510638297872353,-0.6382978723404209
2026-08-06 11:46:41,historical_backfill,2330.TW,2026-08-04 09:55,2026-08-04 10:00,2350.0,2360.0,2345.0,2360.0,1065749,-0.0,41.66666666666667,29.166666666666668,81.57560227750149,60.771582101753445,123.18364262899756,-0.0,33.33333333333333,29.166666666666668,116.35106622099785,0.0,8.333333333333343,0.0,6.83257640799971,FLAT,UP,FLAT,UP,2,2/3,-0.4237288135593209,-1.0593220338983023,-1.0593220338983023,-1.0593220338983023
2026-08-06 11:46:41,historical_backfill,2330.TW,2026-08-04 10:00,2026-08-04 10:05,2355.0,2360.0,2345.0,2350.0,723016,-28.57142857142857,41.66666666666667,29.166666666666668,79.38373485166765,66.97563301839152,104.19993851821991,-0.0,41.66666666666667,29.166666666666668,123.18364262899756,-28.57142857142857,0.0,0.0,-18.98370411077765,DOWN,FLAT,FLAT,DOWN,0,0/3,-0.21276595744680327,-0.6382978723404209,-0.6382978723404209,-0.8510638297872353
2026-08-06 11:46:41,historical_backfill,2330.TW,2026-08-04 10:05,2026-08-04 10:10,2350.0,2350.0,2340.0,2345.0,455265,-50.0,33.33333333333333,25.0,73.7558232344451,69.23569642374271,82.79607685584989,-28.57142857142857,41.66666666666667,29.166666666666668,104.19993851821991,-21.42857142857143,-8.333333333333343,-4.166666666666668,-21.40386166237002,DOWN,DOWN,DOWN,DOWN,0,0/3,-0.4264392324093813,-0.6396588486140775,-0.4264392324093813,-0.8528784648187626
2026-08-06 11:46:41,historical_backfill,2330.TW,2026-08-04 10:10,2026-08-04 10:15,2340.0,2345.0,2335.0,2335.0,356512,-100.0,33.33333333333333,25.0,61.670548822963404,66.71398055681628,51.58368535525764,-50.0,33.33333333333333,25.0,82.79607685584989,-50.0,0.0,0.0,-31.212391500592247,DOWN,FLAT,FLAT,DOWN,0,0/3,0.0,0.0,0.0,-0.4282655246252709
2026-08-06 11:46:41,historical_backfill,2330.TW,2026-08-04 10:15,2026-08-04 10:20,2340.0,2340.0,2330.0,2335.0,585780,-83.33333333333334,33.33333333333333,25.0,50.63750873911846,61.355156617583674,29.20221298218803,-100.0,33.33333333333333,25.0,51.58368535525764,16.666666666666657,0.0,0.0,-22.381472373069613,UP,FLAT,FLAT,DOWN,1,1/3,-0.21413276231263545,0.0,0.0,-0.6423982869379063
2026-08-06 11:46:41,historical_backfill,2330.TW,2026-08-04 10:20,2026-08-04 10:25,2335.0,2340.0,2330.0,2330.0,263365,-100.0,33.33333333333333,25.0,38.52024392131707,53.743519052161474,8.073693659628248,-83.33333333333334,33.33333333333333,25.0,29.20221298218803,-16.666666666666657,0.0,0.0,-21.128519322559782,DOWN,FLAT,FLAT,DOWN,0,0/3,0.21459227467810482,0.21459227467810482,0.21459227467810482,-0.21459227467811592
2026-08-06 11:46:41,historical_backfill,2330.TW,2026-08-04 10:25,2026-08-04 10:30,2335.0,2335.0,2330.0,2335.0,280829,-75.0,41.66666666666667,29.166666666666668,31.235718169766937,46.240918758029956,1.2253169932408952,-100.0,33.33333333333333,25.0,8.073693659628248,25.0,8.333333333333343,4.166666666666668,-6.848376666387352,UP,UP,UP,DOWN,2,2/3,0.0,0.0,0.0,-0.4282655246252709
2026-08-06 11:46:41,historical_backfill,2330.TW,2026-08-04 10:30,2026-08-04 10:35,2335.0,2335.0,2330.0,2335.0,214214,-66.66666666666666,33.33333333333333,25.0,26.37936766873351,39.620401728264476,-0.10270045032841324,-75.0,41.66666666666667,29.166666666666668,1.2253169932408952,8.333333333333343,-8.333333333333343,-4.166666666666668,-1.3280174435693084,UP,DOWN,DOWN,DOWN,1,1/3,0.0,0.0,-0.21413276231263545,-0.4282655246252709
2026-08-06 11:46:41,historical_backfill,2330.TW,2026-08-04 10:35,2026-08-04 10:40,2335.0,2335.0,2330.0,2335.0,165487,-50.0,33.33333333333333,25.0,23.141800668044564,34.12753470819117,1.1703325877513464,-66.66666666666666,33.33333333333333,25.0,-0.10270045032841324,16.666666666666657,0.0,0.0,1.2730330380797596,UP,FLAT,FLAT,UP,2,2/3,0.0,0.0,-0.4282655246252709,-0.4282655246252709
2026-08-06 11:46:41,historical_backfill,2330.TW,2026-08-04 10:40,2026-08-04 10:45,2335.0,2335.0,2330.0,2335.0,137880,-50.0,25.0,25.0,20.983422667585263,29.7461640279892,3.457939946777394,-50.0,33.33333333333333,25.0,1.1703325877513464,0.0,-8.333333333333329,0.0,2.2876073590260475,FLAT,DOWN,FLAT,UP,1,1/3,0.0,0.0,-0.4282655246252709,-0.4282655246252709
2026-08-06 11:46:41,historical_backfill,2330.TW,2026-08-04 10:45,2026-08-04 10:50,2335.0,2335.0,2330.0,2335.0,302803,-0.0,25.0,25.0,22.322281778390174,27.271536611456188,12.423772112258142,-50.0,25.0,25.0,3.457939946777394,50.0,0.0,0.0,8.965832165480748,UP,FLAT,FLAT,UP,2,2/3,0.0,-0.21413276231263545,-0.6423982869379063,-0.6423982869379063
2026-08-06 11:46:41,historical_backfill,2330.TW,2026-08-04 10:50,2026-08-04 10:55,2335.0,2340.0,2330.0,2335.0,324942,-50.0,16.666666666666664,25.0,25.992632296704556,26.84523517320564,24.287426543702388,-0.0,25.0,25.0,12.423772112258142,-50.0,-8.333333333333336,0.0,11.863654431444246,DOWN,DOWN,FLAT,UP,1,1/3,0.0,-0.4282655246252709,-0.4282655246252709,-0.4282655246252709
2026-08-06 11:46:41,historical_backfill,2330.TW,2026-08-04 10:55,2026-08-04 11:00,2330.0,2335.0,2330.0,2335.0,126702,-50.0,8.333333333333332,25.0,33.995088197803035,29.228519514738107,43.5282255639329,-50.0,16.666666666666664,25.0,24.287426543702388,0.0,-8.333333333333332,0.0,19.24079902023051,FLAT,DOWN,FLAT,UP,1,1/3,-0.21413276231263545,-0.4282655246252709,-0.4282655246252709,-0.6423982869379063
2026-08-06 11:46:41,historical_backfill,2330.TW,2026-08-04 11:00,2026-08-04 11:05,2330.0,2335.0,2330.0,2330.0,158907,-100.0,8.333333333333332,25.0,22.66339213186869,27.0401437204483,13.909888954709473,-50.0,8.333333333333332,25.0,43.5282255639329,-50.0,0.0,0.0,-29.618336609223427,DOWN,FLAT,FLAT,DOWN,0,0/3,-0.21459227467811592,-0.42918454935622075,-0.21459227467811592,-0.42918454935622075
2026-08-06 11:46:41,historical_backfill,2330.TW,2026-08-04 11:05,2026-08-04 11:10,2330.0,2335.0,2325.0,2325.0,1768903,-100.0,8.333333333333332,20.833333333333336,15.10892808791246,23.063071842936353,-0.7993594221353248,-100.0,8.333333333333332,25.0,13.909888954709473,0.0,0.0,-4.166666666666664,-14.709248376844798,FLAT,FLAT,DOWN,DOWN,0,0/3,0.0,0.0,0.0,-0.4301075268817178
2026-08-06 11:46:41,historical_backfill,2330.TW,2026-08-04 11:10,2026-08-04 11:15,2325.0,2330.0,2320.0,2325.0,892267,-75.0,8.333333333333332,20.833333333333336,18.405952058608307,21.51069858149367,12.196459012837579,-100.0,8.333333333333332,20.833333333333336,-0.7993594221353248,25.0,0.0,0.0,12.995818434972904,UP,FLAT,FLAT,UP,2,2/3,-0.21505376344086446,0.0,0.0,-0.6451612903225823
2026-08-06 11:46:41,historical_backfill,2330.TW,2026-08-04 11:15,2026-08-04 11:20,2320.0,2325.0,2320.0,2320.0,416753,-100.0,8.333333333333332,20.833333333333336,12.270634705738871,18.430677289575403,-0.04945046193419245,-75.0,8.333333333333332,20.833333333333336,12.196459012837579,-25.0,0.0,0.0,-12.245909474771771,DOWN,FLAT,FLAT,DOWN,0,0/3,0.21551724137931494,0.21551724137931494,0.0,-0.21551724137931494
2026-08-06 11:46:41,historical_backfill,2330.TW,2026-08-04 11:20,2026-08-04 11:25,2325.0,2325.0,2320.0,2325.0,336734,-66.66666666666666,16.666666666666664,25.0,16.51375647049258,17.79170368321446,13.95786204504882,-100.0,8.333333333333332,20.833333333333336,-0.04945046193419245,33.33333333333334,8.333333333333332,4.166666666666664,14.007312506983013,UP,UP,UP,UP,3,3/3,0.0,0.0,0.0,-0.4301075268817178
2026-08-06 11:46:41,historical_backfill,2330.TW,2026-08-04 11:25,2026-08-04 11:30,2325.0,2325.0,2320.0,2325.0,242470,-66.66666666666666,8.333333333333332,25.0,19.34250431366172,18.30863722669688,21.4102384875914,-66.66666666666666,16.666666666666664,25.0,13.95786204504882,0.0,-8.333333333333332,0.0,7.45237644254258,FLAT,DOWN,FLAT,UP,1,1/3,0.0,0.0,-0.21505376344086446,-0.4301075268817178
2026-08-06 11:46:41,historical_backfill,2330.TW,2026-08-04 11:30,2026-08-04 11:35,2325.0,2325.0,2320.0,2325.0,416295,-50.0,8.333333333333332,20.833333333333336,21.228336209107812,19.281870220833856,25.12126818565573,-66.66666666666666,8.333333333333332,25.0,21.4102384875914,16.666666666666657,0.0,-4.166666666666664,3.71102969806433,UP,FLAT,DOWN,UP,2,2/3,0.0,-0.21505376344086446,-0.21505376344086446,-0.21505376344086446
2026-08-06 11:46:41,historical_backfill,2330.TW,2026-08-04 11:35,2026-08-04 11:40,2325.0,2325.0,2325.0,2325.0,172794,-0.0,8.333333333333332,20.833333333333336,25.26333525051632,21.275691897394676,33.23862195675961,-50.0,8.333333333333332,20.833333333333336,25.12126818565573,50.0,0.0,0.0,8.117353771103879,UP,FLAT,FLAT,UP,2,2/3,0.0,0.0,-0.4301075268817178,-0.4301075268817178
2026-08-06 11:46:41,historical_backfill,2330.TW,2026-08-04 11:40,2026-08-04 11:45,2325.0,2325.0,2320.0,2325.0,140770,-0.0,8.333333333333332,16.666666666666664,27.953334611455322,23.501572802081558,36.85685823020285,-0.0,8.333333333333332,20.833333333333336,33.23862195675961,0.0,0.0,-4.166666666666671,3.6182362734432445,FLAT,FLAT,DOWN,UP,1,1/3,-0.21505376344086446,-0.21505376344086446,-0.6451612903225823,-0.4301075268817178
2026-08-06 11:46:41,historical_backfill,2330.TW,2026-08-04 11:45,2026-08-04 11:50,2325.0,2325.0,2320.0,2320.0,217831,-100.0,8.333333333333332,16.666666666666664,18.63555640763688,21.879567337266664,12.147534548377308,-0.0,8.333333333333332,16.666666666666664,36.85685823020285,-100.0,0.0,0.0,-24.709323681825545,DOWN,FLAT,FLAT,DOWN,0,0/3,0.21551724137931494,0.0,-0.21551724137931494,0.0
2026-08-06 11:46:41,historical_backfill,2330.TW,2026-08-04 11:50,2026-08-04 11:55,2325.0,2325.0,2320.0,2325.0,209451,-0.0,16.666666666666664,16.666666666666664,29.090370938424588,24.28316853765264,38.70477573996849,-100.0,8.333333333333332,16.666666666666664,12.147534548377308,100.0,8.333333333333332,0.0,26.55724119159118,UP,UP,FLAT,UP,3,3/3,-0.21505376344086446,-0.4301075268817178,-0.4301075268817178,0.0
2026-08-06 11:46:41,historical_backfill,2330.TW,2026-08-04 11:55,2026-08-04 12:00,2325.0,2325.0,2320.0,2320.0,304932,-100.0,16.666666666666664,12.5,19.39358062561639,22.65330590030722,12.874130076234728,-0.0,16.666666666666664,16.666666666666664,38.70477573996849,-100.0,0.0,-4.166666666666664,-25.830645663733762,DOWN,FLAT,DOWN,DOWN,0,0/3,0.0,-0.4310344827586188,-0.21551724137931494,0.21551724137931494
2026-08-06 11:46:41,historical_backfill,2330.TW,2026-08-04 12:00,2026-08-04 12:05,2320.0,2325.0,2315.0,2320.0,800785,-50.0,16.666666666666664,12.5,29.595720417077597,24.96744407256401,38.85227310610477,-100.0,16.666666666666664,12.5,12.874130076234728,50.0,0.0,0.0,25.97814302987004,UP,FLAT,FLAT,UP,2,2/3,-0.21551724137931494,-0.21551724137931494,0.0,0.21551724137931494
2026-08-06 11:46:41,historical_backfill,2330.TW,2026-08-04 12:05,2026-08-04 12:10,2320.0,2320.0,2315.0,2315.0,1810746,-100.0,16.666666666666664,12.5,19.730480278051733,23.22178947439325,12.7478618853687,-50.0,16.666666666666664,12.5,38.85227310610477,-50.0,0.0,0.0,-26.10441122073607,DOWN,FLAT,FLAT,DOWN,0,0/3,-0.2159827213822907,0.0,0.0,0.4319654427645814
2026-08-06 11:46:41,historical_backfill,2330.TW,2026-08-04 12:10,2026-08-04 12:15,2315.0,2315.0,2310.0,2310.0,562384,-100.0,16.666666666666664,12.5,13.153653518701155,19.86574415582922,-0.27052775555497277,-100.0,16.666666666666664,12.5,12.7478618853687,0.0,0.0,0.0,-13.018389640923672,FLAT,FLAT,FLAT,DOWN,0,0/3,0.21645021645022577,0.21645021645022577,0.21645021645022577,0.21645021645022577
2026-08-06 11:46:41,historical_backfill,2330.TW,2026-08-04 12:15,2026-08-04 12:20,2310.0,2315.0,2310.0,2315.0,242895,-66.66666666666666,25.0,16.666666666666664,19.88021345691188,19.870567256190103,19.899505858355433,-100.0,16.666666666666664,12.5,-0.27052775555497277,33.33333333333334,8.333333333333336,4.166666666666664,20.170033613910405,UP,UP,UP,UP,3,3/3,0.0,0.21598272138227959,0.21598272138227959,0.0
2026-08-06 11:46:41,historical_backfill,2330.TW,2026-08-04 12:20,2026-08-04 12:25,2315.0,2315.0,2310.0,2315.0,208157,-66.66666666666666,16.666666666666664,16.666666666666664,24.364586749052364,21.368573753810853,30.356612739535386,-66.66666666666666,25.0,16.666666666666664,19.899505858355433,0.0,-8.333333333333336,0.0,10.457106881179953,FLAT,DOWN,FLAT,UP,1,1/3,0.0,0.0,0.4319654427645814,0.0
2026-08-06 11:46:41,historical_backfill,2330.TW,2026-08-04 12:25,2026-08-04 12:30,2315.0,2320.0,2310.0,2315.0,682922,-50.0,16.666666666666664,12.5,27.354168943812684,23.36377215047813,35.334962530481796,-66.66666666666666,16.666666666666664,16.666666666666664,30.356612739535386,16.666666666666657,0.0,-4.166666666666664,4.97834979094641,UP,FLAT,DOWN,UP,2,2/3,0.21598272138227959,0.0,0.4319654427645814,2.591792656587466
2026-08-06 11:46:41,historical_backfill,2330.TW,2026-08-04 12:30,2026-08-04 12:35,2320.0,2320.0,2315.0,2320.0,130760,-0.0,25.0,16.666666666666664,40.45833485143067,29.06195971746231,63.251085119367396,-50.0,16.666666666666664,12.5,35.334962530481796,50.0,8.333333333333336,4.166666666666664,27.9161225888856,UP,UP,UP,UP,3,3/3,-0.21551724137931494,0.0,0.21551724137931494,2.586206896551735
2026-08-06 11:46:41,historical_backfill,2330.TW,2026-08-04 12:35,2026-08-04 12:40,2315.0,2320.0,2315.0,2315.0,145490,-50.0,25.0,16.666666666666664,38.08333434539822,32.06908459344095,50.111833849312774,-0.0,25.0,16.666666666666664,63.251085119367396,-50.0,0.0,0.0,-13.139251270054622,DOWN,FLAT,FLAT,DOWN,0,0/3,0.0,0.4319654427645814,0.4319654427645814,2.3758099352051865
2026-08-06 11:46:41,historical_backfill,2330.TW,2026-08-04 12:40,2026-08-04 12:45,2320.0,2320.0,2310.0,2315.0,689850,-50.0,25.0,16.666666666666664,36.50000067470992,33.54605662053061,42.40788878306856,-50.0,25.0,16.666666666666664,50.111833849312774,0.0,0.0,0.0,-7.703945066244216,FLAT,FLAT,FLAT,DOWN,0,0/3,0.21598272138227959,0.4319654427645814,0.0,2.3758099352051865
2026-08-06 11:46:41,historical_backfill,2330.TW,2026-08-04 12:45,2026-08-04 12:50,2315.0,2320.0,2310.0,2320.0,299323,-0.0,33.33333333333333,20.833333333333336,57.666667116473285,41.58626011917817,89.8274811110635,-50.0,25.0,16.666666666666664,42.40788878306856,50.0,8.333333333333329,4.166666666666671,47.41959232799495,UP,UP,UP,UP,3,3/3,0.21551724137931494,0.21551724137931494,-0.21551724137931494,2.37068965517242
2026-08-06 11:46:41,historical_backfill,2330.TW,2026-08-04 12:50,2026-08-04 12:55,2320.0,2325.0,2315.0,2325.0,445325,-0.0,33.33333333333333,25.0,71.77777807764886,51.650099438668406,112.03313535560977,-0.0,33.33333333333333,20.833333333333336,89.8274811110635,0.0,0.0,4.166666666666664,22.205654244546267,FLAT,FLAT,UP,UP,1,1/3,0.0,0.0,-0.4301075268817178,2.3655913978494647
2026-08-06 11:46:41,historical_backfill,2330.TW,2026-08-04 12:55,2026-08-04 13:00,2325.0,2325.0,2320.0,2325.0,194507,-0.0,33.33333333333333,25.0,81.18518538509925,61.49512808747869,120.56529998034034,-0.0,33.33333333333333,25.0,112.03313535560977,0.0,0.0,0.0,8.53216462473057,FLAT,FLAT,FLAT,UP,1,1/3,0.0,-0.4301075268817178,2.1505376344086002,3.2258064516129004
2026-08-06 11:46:41,historical_backfill,2330.TW,2026-08-04 13:00,2026-08-04 13:05,2320.0,2325.0,2320.0,2325.0,211582,-0.0,33.33333333333333,25.0,87.45679025673284,70.14901547723008,122.07233981573836,-0.0,33.33333333333333,25.0,120.56529998034034,0.0,0.0,0.0,1.5070398353980181,FLAT,FLAT,FLAT,UP,1,1/3,0.0,-0.4301075268817178,2.3655913978494647,3.2258064516129004
2026-08-06 11:46:41,historical_backfill,2330.TW,2026-08-04 13:05,2026-08-04 13:10,2325.0,2325.0,2320.0,2325.0,290606,-0.0,33.33333333333333,25.0,91.63786017115524,77.31196370853847,120.28965309638878,-0.0,33.33333333333333,25.0,122.07233981573836,0.0,0.0,0.0,-1.7826867193495843,FLAT,FLAT,FLAT,DOWN,0,0/3,-0.4301075268817178,-0.4301075268817178,1.9354838709677358,3.010752688172036
2026-08-06 11:46:41,historical_backfill,2330.TW,2026-08-04 13:10,2026-08-04 13:15,2325.0,2325.0,2315.0,2315.0,850436,-100.0,33.33333333333333,25.0,72.20301789188126,75.60898176965274,65.3910901363383,-0.0,33.33333333333333,25.0,120.28965309638878,-100.0,0.0,0.0,-54.89856296005047,DOWN,FLAT,FLAT,DOWN,0,0/3,0.0,2.591792656587466,2.3758099352051865,3.455723542116629
2026-08-06 11:46:41,historical_backfill,2330.TW,2026-08-04 13:15,2026-08-04 13:20,2315.0,2320.0,2315.0,2315.0,559019,-100.0,25.0,25.0,59.24645637236529,70.15480663722359,37.42975584264869,-100.0,33.33333333333333,25.0,65.3910901363383,0.0,-8.333333333333329,0.0,-27.961334293689617,FLAT,DOWN,FLAT,DOWN,0,0/3,0.0,2.807775377969768,2.591792656587466,4.10367170626349
2026-08-06 11:46:41,historical_backfill,2330.TW,2026-08-04 13:20,2026-08-04 13:25,2320.0,2320.0,2315.0,2315.0,814564,-100.0,25.0,20.833333333333336,50.60874869268796,63.639453989045045,24.5473380999738,-100.0,25.0,25.0,37.42975584264869,0.0,0.0,-4.166666666666664,-12.882417742674889,FLAT,FLAT,DOWN,DOWN,0,0/3,2.591792656587466,2.3758099352051865,2.807775377969768,3.6717062634989306
2026-08-06 11:46:41,historical_backfill,2330.TW,2026-08-05 09:00,2026-08-05 09:05,2385.0,2390.0,2375.0,2375.0,0,-20.0,33.33333333333333,25.0,60.82249912845864,62.70046903551624,57.06655931434342,-100.0,25.0,20.833333333333336,24.5473380999738,80.0,8.333333333333329,4.166666666666664,32.51922121436962,UP,UP,UP,UP,3,3/3,0.21052631578948322,-0.21052631578947212,1.0526315789473717,1.0526315789473717
2026-08-06 11:46:41,historical_backfill,2330.TW,2026-08-05 09:05,2026-08-05 09:10,2375.0,2380.0,2375.0,2380.0,646000,-13.333333333333334,33.33333333333333,29.166666666666668,69.43722164119465,64.94605323740905,78.41955844876588,-20.0,33.33333333333333,25.0,57.06655931434342,6.666666666666666,0.0,4.166666666666668,21.35299913442246,UP,FLAT,UP,UP,2,2/3,-0.42016806722688926,-0.21008403361344463,0.8403361344537785,0.8403361344537785
2026-08-06 11:46:41,historical_backfill,2330.TW,2026-08-05 09:10,2026-08-05 09:15,2380.0,2380.0,2370.0,2370.0,795142,-26.666666666666668,33.33333333333333,29.166666666666668,70.73592553857422,66.87601067113077,78.45575527346111,-13.333333333333334,33.33333333333333,29.166666666666668,78.41955844876588,-13.333333333333334,0.0,0.0,0.03619682469522445,DOWN,FLAT,FLAT,UP,1,1/3,0.0,0.42194092827003704,1.0548523206751037,1.2658227848101333
2026-08-06 11:46:41,historical_backfill,2330.TW,2026-08-05 09:15,2026-08-05 09:20,2375.0,2375.0,2370.0,2370.0,617318,-26.666666666666668,33.33333333333333,29.166666666666668,71.60172813682726,68.45124982636294,77.9026847577559,-26.666666666666668,33.33333333333333,29.166666666666668,78.45575527346111,0.0,0.0,0.0,-0.5530705157052012,FLAT,FLAT,FLAT,DOWN,0,0/3,0.21097046413502962,1.2658227848101333,1.0548523206751037,1.4767932489451407
2026-08-06 11:46:41,historical_backfill,2330.TW,2026-08-05 09:20,2026-08-05 09:25,2375.0,2380.0,2370.0,2375.0,884550,-75.0,33.33333333333333,33.33333333333333,74.40115209121818,70.43455058131468,82.33435511102516,-26.666666666666668,33.33333333333333,29.166666666666668,77.9026847577559,-48.33333333333333,0.0,4.166666666666661,4.431670353269254,DOWN,FLAT,UP,UP,1,1/3,0.21052631578948322,1.0526315789473717,1.473684210526316,1.0526315789473717
2026-08-06 11:46:41,historical_backfill,2330.TW,2026-08-05 09:25,2026-08-05 09:30,2375.0,2385.0,2375.0,2380.0,1395455,-33.33333333333333,33.33333333333333,33.33333333333333,78.489656949701,73.11958603744345,89.2297987742161,-75.0,33.33333333333333,33.33333333333333,82.33435511102516,41.66666666666667,0.0,0.0,6.895443663190946,UP,FLAT,FLAT,UP,2,2/3,0.8403361344537785,0.6302521008403339,0.8403361344537785,0.8403361344537785
2026-08-06 11:46:41,historical_backfill,2330.TW,2026-08-05 09:30,2026-08-05 09:35,2385.0,2400.0,2380.0,2400.0,3115984,-0.0,41.66666666666667,37.5,85.65977129980065,77.29964779156252,102.38001831627693,-33.33333333333333,33.33333333333333,33.33333333333333,89.2297987742161,33.33333333333333,8.333333333333343,4.166666666666671,13.150219542060825,UP,UP,UP,UP,3,3/3,0.0,-0.2083333333333326,0.0,0.0
2026-08-06 11:46:41,historical_backfill,2330.TW,2026-08-05 09:35,2026-08-05 09:40,2400.0,2400.0,2395.0,2400.0,594208,-0.0,41.66666666666667,37.5,90.43984753320042,81.67971437210849,107.9601138553843,-0.0,41.66666666666667,37.5,102.38001831627693,0.0,0.0,0.0,5.5800955391073614,FLAT,FLAT,FLAT,UP,1,1/3,-0.2083333333333326,0.4166666666666652,0.0,0.2083333333333437
2026-08-06 11:46:41,historical_backfill,2330.TW,2026-08-05 09:40,2026-08-05 09:45,2395.0,2400.0,2395.0,2395.0,389009,-16.666666666666664,41.66666666666667,37.5,88.07100946657806,83.81014607026502,96.59273625920414,-0.0,41.66666666666667,37.5,107.9601138553843,-16.666666666666664,0.0,0.0,-11.367377596180148,DOWN,FLAT,FLAT,DOWN,0,0/3,0.0,0.20876826722338038,0.20876826722338038,0.41753653444676075
2026-08-06 11:46:41,historical_backfill,2330.TW,2026-08-05 09:45,2026-08-05 09:50,2395.0,2400.0,2395.0,2395.0,710580,-20.0,41.66666666666667,37.5,86.49178408882983,84.70402540978662,90.06730144691625,-16.666666666666664,41.66666666666667,37.5,96.59273625920414,-3.3333333333333357,0.0,0.0,-6.525434812287898,DOWN,FLAT,FLAT,DOWN,0,0/3,0.6263048016701411,0.20876826722338038,0.41753653444676075,0.41753653444676075
2026-08-06 11:46:41,historical_backfill,2330.TW,2026-08-05 09:50,2026-08-05 09:55,2400.0,2410.0,2395.0,2410.0,2274853,-0.0,50.0,37.5,90.99452272588655,86.8008578484866,99.38185248068646,-20.0,41.66666666666667,37.5,90.06730144691625,20.0,8.333333333333329,0.0,9.314551033770215,UP,UP,FLAT,UP,3,3/3,-0.4149377593360981,-0.4149377593360981,-0.4149377593360981,-0.20746887966804906
2026-08-06 11:46:41,historical_backfill,2330.TW,2026-08-05 09:55,2026-08-05 10:00,2410.0,2410.0,2395.0,2400.0,907057,-66.66666666666666,50.0,37.5,85.66301515059104,86.42157694918808,84.14589155339695,-0.0,50.0,37.5,99.38185248068646,-66.66666666666666,0.0,0.0,-15.235960927289511,DOWN,FLAT,FLAT,DOWN,0,0/3,0.0,0.0,0.0,0.2083333333333437
2026-08-06 11:46:41,historical_backfill,2330.TW,2026-08-05 10:00,2026-08-05 10:05,2395.0,2400.0,2395.0,2400.0,202608,-66.66666666666666,41.66666666666667,37.5,82.10867676706069,84.98394355514561,76.35814319089084,-66.66666666666666,50.0,37.5,84.14589155339695,0.0,-8.333333333333329,0.0,-7.7877483625061075,FLAT,DOWN,FLAT,DOWN,0,0/3,0.0,0.2083333333333437,0.0,0.6250000000000089
2026-08-06 11:46:41,historical_backfill,2330.TW,2026-08-05 10:05,2026-08-05 10:10,2395.0,2405.0,2395.0,2400.0,469238,-66.66666666666666,33.33333333333333,33.33333333333333,78.54864165423093,82.83884292150738,69.96823911967803,-66.66666666666666,41.66666666666667,37.5,76.35814319089084,0.0,-8.333333333333343,-4.166666666666671,-6.389904071212811,FLAT,DOWN,DOWN,DOWN,0,0/3,0.0,0.0,0.2083333333333437,0.6250000000000089
2026-08-06 11:46:41,historical_backfill,2330.TW,2026-08-05 10:10,2026-08-05 10:15,2400.0,2405.0,2400.0,2400.0,169376,-66.66666666666666,33.33333333333333,33.33333333333333,74.58798332504284,80.08855638935253,63.58683719642346,-66.66666666666666,33.33333333333333,33.33333333333333,69.96823911967803,0.0,0.0,0.0,-6.381401923254572,FLAT,FLAT,FLAT,DOWN,0,0/3,0.2083333333333437,0.0,0.2083333333333437,0.2083333333333437
2026-08-06 11:46:41,historical_backfill,2330.TW,2026-08-05 10:15,2026-08-05 10:20,2400.0,2405.0,2400.0,2405.0,188085,-33.33333333333333,41.66666666666667,37.5,71.94754443891745,77.3748857392075,61.09286183833734,-66.66666666666666,33.33333333333333,33.33333333333333,63.58683719642346,33.33333333333333,8.333333333333343,4.166666666666671,-2.493975358086118,UP,UP,UP,DOWN,2,2/3,-0.20790020790020236,-0.20790020790020236,0.0,0.20790020790020236
2026-08-06 11:46:41,historical_backfill,2330.TW,2026-08-05 10:20,2026-08-05 10:25,2405.0,2405.0,2400.0,2400.0,386919,-50.0,33.33333333333333,33.33333333333333,59.07614073705607,71.2753040718237,34.67781406752081,-33.33333333333333,41.66666666666667,37.5,61.09286183833734,-16.66666666666667,-8.333333333333343,-4.166666666666671,-26.41504777081653,DOWN,DOWN,DOWN,DOWN,0,0/3,0.0,0.2083333333333437,0.2083333333333437,0.4166666666666652
2026-08-06 11:46:41,historical_backfill,2330.TW,2026-08-05 10:25,2026-08-05 10:30,2405.0,2405.0,2400.0,2400.0,186166,-50.0,25.0,29.166666666666668,50.49520493581516,64.34860435982085,22.788406087803764,-50.0,33.33333333333333,33.33333333333333,34.67781406752081,0.0,-8.333333333333329,-4.166666666666661,-11.889407979717049,FLAT,DOWN,DOWN,DOWN,0,0/3,0.0,0.2083333333333437,0.2083333333333437,0.2083333333333437
2026-08-06 11:46:41,historical_backfill,2330.TW,2026-08-05 10:30,2026-08-05 10:35,2400.0,2405.0,2400.0,2400.0,293631,-100.0,16.666666666666664,29.166666666666668,44.77458106832122,57.823929929320975,18.675883346321697,-50.0,25.0,29.166666666666668,22.788406087803764,-50.0,-8.333333333333336,0.0,-4.112522741482067,DOWN,DOWN,FLAT,DOWN,0,0/3,0.2083333333333437,0.2083333333333437,0.6250000000000089,0.0
2026-08-06 11:46:41,historical_backfill,2330.TW,2026-08-05 10:35,2026-08-05 10:40,2400.0,2405.0,2400.0,2405.0,475543,-0.0,25.0,33.33333333333333,52.07194293443636,55.906600931026105,44.40262694125687,-100.0,16.666666666666664,29.166666666666668,18.675883346321697,100.0,8.333333333333336,4.166666666666661,25.726743594935172,UP,UP,UP,UP,3,3/3,0.0,0.0,0.4158004158004047,-0.20790020790020236
2026-08-06 11:46:41,historical_backfill,2330.TW,2026-08-05 10:40,2026-08-05 10:45,2400.0,2410.0,2400.0,2405.0,813119,-50.0,25.0,33.33333333333333,56.9368508451798,56.250017569077336,58.310517397384714,-0.0,25.0,33.33333333333333,44.40262694125687,-50.0,0.0,0.0,13.907890456127845,DOWN,FLAT,FLAT,UP,1,1/3,0.0,0.0,0.0,0.0
2026-08-06 11:46:41,historical_backfill,2330.TW,2026-08-05 10:45,2026-08-05 10:50,2405.0,2410.0,2405.0,2405.0,600147,-50.0,25.0,33.33333333333333,60.180122785675415,57.56005264127669,65.42026307447286,-50.0,25.0,33.33333333333333,58.310517397384714,0.0,0.0,0.0,7.109745677088142,FLAT,FLAT,FLAT,UP,1,1/3,0.0,0.4158004158004047,0.20790020790020236,0.0
2026-08-06 11:46:41,historical_backfill,2330.TW,2026-08-05 10:50,2026-08-05 10:55,2410.0,2410.0,2405.0,2405.0,458867,-50.0,16.666666666666664,33.33333333333333,56.786748523783615,57.30228460211233,55.755676367126185,-50.0,25.0,33.33333333333333,65.42026307447286,0.0,-8.333333333333336,0.0,-9.664586707346672,FLAT,DOWN,FLAT,DOWN,0,0/3,0.0,0.4158004158004047,0.20790020790020236,-0.20790020790020236
2026-08-06 11:46:41,historical_backfill,2330.TW,2026-08-05 10:55,2026-08-05 11:00,2405.0,2410.0,2405.0,2405.0,282662,-50.0,16.666666666666664,33.33333333333333,54.524499015855746,56.376356073360135,50.82078490084696,-50.0,16.666666666666664,33.33333333333333,55.755676367126185,0.0,0.0,0.0,-4.934891466279225,FLAT,FLAT,FLAT,DOWN,0,0/3,0.4158004158004047,0.0,0.0,0.0
2026-08-06 11:46:41,historical_backfill,2330.TW,2026-08-05 11:00,2026-08-05 11:05,2405.0,2415.0,2405.0,2415.0,1173885,-0.0,25.0,33.33333333333333,69.68299934390383,60.81190383020803,87.42519037129544,-50.0,16.666666666666664,33.33333333333333,50.82078490084696,50.0,8.333333333333336,0.0,36.604405470448484,UP,UP,FLAT,UP,3,3/3,0.0,-0.20703933747412417,-0.6211180124223614,-0.41407867494823725
2026-08-06 11:46:41,historical_backfill,2330.TW,2026-08-05 11:05,2026-08-05 11:10,2415.0,2415.0,2410.0,2415.0,584083,-0.0,25.0,29.166666666666668,79.78866622926923,67.13749129656176,105.09101609468416,-0.0,25.0,33.33333333333333,87.42519037129544,0.0,0.0,-4.166666666666661,17.66582572338872,FLAT,FLAT,DOWN,UP,1,1/3,-0.41407867494823725,-0.20703933747412417,-0.6211180124223614,-0.6211180124223614
2026-08-06 11:46:41,historical_backfill,2330.TW,2026-08-05 11:10,2026-08-05 11:15,2410.0,2415.0,2405.0,2405.0,686201,-100.0,25.0,29.166666666666668,64.30355526395726,66.19284595236026,60.524973887151276,-0.0,25.0,29.166666666666668,105.09101609468416,-100.0,0.0,0.0,-44.56604220753289,DOWN,FLAT,FLAT,DOWN,0,0/3,0.20790020790020236,0.0,0.0,0.0
2026-08-06 11:46:41,historical_backfill,2330.TW,2026-08-05 11:15,2026-08-05 11:20,2410.0,2410.0,2405.0,2410.0,304732,-50.0,25.0,33.33333333333333,65.0912590648604,65.82565032319364,63.6224765481939,-100.0,25.0,29.166666666666668,60.524973887151276,50.0,0.0,4.166666666666661,3.0975026610426255,UP,FLAT,UP,UP,2,2/3,0.0,-0.4149377593360981,-0.20746887966804906,-0.20746887966804906
2026-08-06 11:46:41,historical_backfill,2330.TW,2026-08-05 11:20,2026-08-05 11:25,2410.0,2410.0,2405.0,2410.0,311682,-50.0,25.0,29.166666666666668,65.61639493212915,65.75589852617215,65.33738774404318,-50.0,25.0,33.33333333333333,63.6224765481939,0.0,0.0,-4.166666666666661,1.7149111958492824,FLAT,FLAT,DOWN,UP,1,1/3,-0.20746887966804906,-0.4149377593360981,-0.4149377593360981,-0.8298755186721962
2026-08-06 11:46:41,historical_backfill,2330.TW,2026-08-05 11:25,2026-08-05 11:30,2410.0,2410.0,2405.0,2405.0,479642,-100.0,25.0,25.0,43.7442632880861,58.41868678014347,14.395416303971373,-50.0,25.0,29.166666666666668,65.33738774404318,-50.0,0.0,-4.166666666666668,-50.94197144007181,DOWN,FLAT,DOWN,DOWN,0,0/3,-0.20790020790020236,0.0,0.0,-0.6237006237006182
2026-08-06 11:46:41,historical_backfill,2330.TW,2026-08-05 11:30,2026-08-05 11:35,2405.0,2405.0,2400.0,2400.0,257791,-100.0,25.0,20.833333333333336,29.1628421920574,48.666738584114775,-9.844950592057344,-100.0,25.0,25.0,14.395416303971373,0.0,0.0,-4.166666666666664,-24.240366896028718,FLAT,FLAT,DOWN,DOWN,0,0/3,0.0,0.2083333333333437,0.2083333333333437,-0.4166666666666652
2026-08-06 11:46:41,historical_backfill,2330.TW,2026-08-05 11:35,2026-08-05 11:40,2405.0,2405.0,2400.0,2400.0,176989,-100.0,16.666666666666664,20.833333333333336,19.441894794704933,38.92512398764483,-19.524563591174868,-100.0,25.0,20.833333333333336,-9.844950592057344,0.0,-8.333333333333336,0.0,-9.679612999117523,FLAT,DOWN,FLAT,DOWN,0,0/3,0.2083333333333437,0.0,0.0,0.0
2026-08-06 11:46:41,historical_backfill,2330.TW,2026-08-05 11:40,2026-08-05 11:45,2400.0,2405.0,2400.0,2405.0,162873,-50.0,25.0,25.0,24.07237430758106,33.974207427623575,4.268708067496036,-100.0,16.666666666666664,20.833333333333336,-19.524563591174868,50.0,8.333333333333336,4.166666666666664,23.793271658670903,UP,UP,UP,UP,3,3/3,0.0,0.0,0.0,-0.20790020790020236
2026-08-06 11:46:41,historical_backfill,2330.TW,2026-08-05 11:45,2026-08-05 11:50,2405.0,2405.0,2400.0,2405.0,184738,-50.0,25.0,25.0,27.159360649498485,31.70259183491521,18.072898278665036,-50.0,25.0,25.0,4.268708067496036,0.0,0.0,0.0,13.804190211169,FLAT,FLAT,FLAT,UP,1,1/3,-0.20790020790020236,0.0,0.0,-0.4158004158004158
2026-08-06 11:46:41,historical_backfill,2330.TW,2026-08-05 11:50,2026-08-05 11:55,2405.0,2405.0,2400.0,2400.0,201275,-100.0,25.0,20.833333333333336,18.10624043299899,27.170474700943135,-0.022228102889293666,-50.0,25.0,25.0,18.072898278665036,-50.0,0.0,-4.166666666666664,-18.09512638155433,DOWN,FLAT,DOWN,DOWN,0,0/3,0.2083333333333437,0.0,-0.4166666666666652,-0.2083333333333326
2026-08-06 11:46:41,historical_backfill,2330.TW,2026-08-05 11:55,2026-08-05 12:00,2400.0,2405.0,2400.0,2405.0,185391,-0.0,33.33333333333333,25.0,28.737493621999324,27.6928143412952,30.826852183407574,-100.0,25.0,20.833333333333336,-0.022228102889293666,100.0,8.333333333333329,4.166666666666664,30.849080286296868,UP,UP,UP,UP,3,3/3,0.0,0.0,-0.6237006237006182,-0.20790020790020236
2026-08-06 11:46:41,historical_backfill,2330.TW,2026-08-05 12:00,2026-08-05 12:05,2400.0,2405.0,2400.0,2405.0,224442,-0.0,25.0,25.0,35.824995747999544,30.403541476863314,46.66790429027201,-0.0,33.33333333333333,25.0,30.826852183407574,0.0,-8.333333333333329,0.0,15.841052106864439,FLAT,DOWN,FLAT,UP,1,1/3,-0.20790020790020236,0.0,-0.6237006237006182,-0.4158004158004158
2026-08-06 11:46:41,historical_backfill,2330.TW,2026-08-05 12:05,2026-08-05 12:10,2400.0,2405.0,2400.0,2400.0,213219,-100.0,25.0,25.0,23.883330498666364,28.23013781746433,15.189715861070432,-0.0,25.0,25.0,46.66790429027201,-100.0,0.0,0.0,-31.47818842920158,DOWN,FLAT,FLAT,DOWN,0,0/3,0.2083333333333437,-0.4166666666666652,0.0,-0.2083333333333326
2026-08-06 11:46:41,historical_backfill,2330.TW,2026-08-05 12:10,2026-08-05 12:15,2400.0,2405.0,2400.0,2405.0,233530,-0.0,33.33333333333333,29.166666666666668,49.255553665777576,35.23860976690208,77.28944146352858,-100.0,25.0,25.0,15.189715861070432,100.0,8.333333333333329,4.166666666666668,62.09972560245814,UP,UP,UP,UP,3,3/3,0.0,-0.6237006237006182,-0.20790020790020236,-0.4158004158004158
2026-08-06 11:46:41,historical_backfill,2330.TW,2026-08-05 12:15,2026-08-05 12:20,2405.0,2405.0,2400.0,2405.0,386591,-0.0,25.0,25.0,66.17036911051838,45.54919621477418,107.41271490200678,-0.0,33.33333333333333,29.166666666666668,77.28944146352858,0.0,-8.333333333333329,-4.166666666666668,30.123273438478208,FLAT,DOWN,DOWN,UP,1,1/3,-0.6237006237006182,-0.6237006237006182,-0.4158004158004158,-0.6237006237006182
2026-08-06 11:46:41,historical_backfill,2330.TW,2026-08-05 12:20,2026-08-05 12:25,2400.0,2405.0,2390.0,2390.0,1349832,-100.0,25.0,25.0,44.11357940701225,45.07065727885354,42.19942366332968,-0.0,25.0,25.0,107.41271490200678,-100.0,0.0,0.0,-65.2132912386771,DOWN,FLAT,FLAT,DOWN,0,0/3,0.0,0.4184100418409997,0.20920502092049986,0.20920502092049986
2026-08-06 11:46:41,historical_backfill,2330.TW,2026-08-05 12:25,2026-08-05 12:30,2390.0,2395.0,2390.0,2390.0,261292,-100.0,25.0,25.0,29.40905293800817,39.85012249857175,8.526913816881006,-100.0,25.0,25.0,42.19942366332968,0.0,0.0,0.0,-33.672509846448676,FLAT,FLAT,FLAT,DOWN,0,0/3,0.0,0.4184100418409997,0.4184100418409997,-0.4184100418409997
2026-08-06 11:46:41,historical_backfill,2330.TW,2026-08-05 12:30,2026-08-05 12:35,2390.0,2395.0,2390.0,2390.0,347991,-100.0,25.0,25.0,19.606035292005448,33.10209342971631,-7.386080983416278,-100.0,25.0,25.0,8.526913816881006,0.0,0.0,0.0,-15.912994800297284,FLAT,FLAT,FLAT,DOWN,0,0/3,0.4184100418409997,0.20920502092049986,0.20920502092049986,-0.4184100418409997
2026-08-06 11:46:41,historical_backfill,2330.TW,2026-08-05 12:35,2026-08-05 12:40,2395.0,2400.0,2390.0,2400.0,320320,-33.33333333333333,33.33333333333333,25.0,35.29291241689251,33.83236642544171,38.21400439979412,-100.0,25.0,25.0,-7.386080983416278,66.66666666666667,8.333333333333329,0.0,45.6000853832104,UP,UP,FLAT,UP,3,3/3,0.0,-0.2083333333333326,-0.2083333333333326,-1.041666666666663
2026-08-06 11:46:41,historical_backfill,2330.TW,2026-08-05 12:40,2026-08-05 12:45,2395.0,2400.0,2395.0,2400.0,214230,-33.33333333333333,25.0,25.0,45.75083050015056,37.805187783678,61.642115933095695,-33.33333333333333,33.33333333333333,25.0,38.21400439979412,0.0,-8.333333333333329,0.0,23.428111533301575,FLAT,DOWN,FLAT,UP,1,1/3,-0.2083333333333326,0.0,-0.2083333333333326,-0.8333333333333304
2026-08-06 11:46:41,historical_backfill,2330.TW,2026-08-05 12:45,2026-08-05 12:50,2400.0,2400.0,2395.0,2395.0,146973,-50.0,25.0,25.0,41.611664777878154,39.074013448411385,46.686967436811685,-33.33333333333333,25.0,25.0,61.642115933095695,-16.66666666666667,0.0,0.0,-14.95514849628401,DOWN,FLAT,FLAT,DOWN,0,0/3,0.0,0.0,-0.20876826722338038,-0.8350730688935326
2026-08-06 11:46:41,historical_backfill,2330.TW,2026-08-05 12:50,2026-08-05 12:55,2395.0,2400.0,2395.0,2395.0,232657,-50.0,25.0,25.0,38.85222096302988,39.00008261995088,38.556497649187875,-50.0,25.0,25.0,46.686967436811685,0.0,0.0,0.0,-8.13046978762381,FLAT,FLAT,FLAT,DOWN,0,0/3,0.20876826722338038,0.0,0.0,-1.043841336116913
2026-08-06 11:46:41,historical_backfill,2330.TW,2026-08-05 12:55,2026-08-05 13:00,2400.0,2400.0,2395.0,2400.0,382304,-0.0,25.0,29.166666666666668,48.12370286424214,42.04128936804796,60.28852985663049,-50.0,25.0,25.0,38.556497649187875,50.0,0.0,4.166666666666668,21.732032207442614,UP,FLAT,UP,UP,2,2/3,-0.2083333333333326,-0.2083333333333326,-0.8333333333333304,-1.041666666666663
2026-08-06 11:46:41,historical_backfill,2330.TW,2026-08-05 13:00,2026-08-05 13:05,2400.0,2400.0,2395.0,2395.0,266906,-100.0,25.0,25.0,43.19357968727254,42.42538614112282,44.72996677957197,-0.0,25.0,29.166666666666668,60.28852985663049,-100.0,0.0,-4.166666666666668,-15.558563077058523,DOWN,FLAT,DOWN,DOWN,0,0/3,0.0,-0.20876826722338038,-0.6263048016701411,-1.043841336116913
2026-08-06 11:46:41,historical_backfill,2330.TW,2026-08-05 13:05,2026-08-05 13:10,2395.0,2400.0,2395.0,2395.0,250012,-100.0,25.0,25.0,45.4623864581817,43.43771958014245,49.511720214260194,-100.0,25.0,25.0,44.72996677957197,0.0,0.0,0.0,4.781753434688227,FLAT,FLAT,FLAT,UP,1,1/3,0.0,0.0,-0.8350730688935326,-1.043841336116913
2026-08-06 11:46:41,historical_backfill,2330.TW,2026-08-05 13:10,2026-08-05 13:15,2400.0,2400.0,2395.0,2395.0,378123,-100.0,16.666666666666664,25.0,46.974924305454465,44.616787821913114,51.69119727253717,-100.0,25.0,25.0,49.511720214260194,0.0,-8.333333333333336,0.0,2.179477058276973,FLAT,DOWN,FLAT,UP,1,1/3,-0.20876826722338038,-0.6263048016701411,-0.6263048016701411,-1.043841336116913
2026-08-06 11:46:41,historical_backfill,2330.TW,2026-08-05 13:15,2026-08-05 13:20,2395.0,2400.0,2390.0,2390.0,552899,-100.0,16.666666666666664,20.833333333333336,31.31661620363631,40.18339728248751,13.583054045933906,-100.0,16.666666666666664,25.0,51.69119727253717,0.0,0.0,-4.166666666666664,-38.10814322660326,FLAT,FLAT,DOWN,DOWN,0,0/3,0.20920502092049986,-0.4184100418409997,-0.6276150627615107,-1.0460251046025104
2026-08-06 11:46:41,historical_backfill,2330.TW,2026-08-05 13:20,2026-08-05 13:25,2395.0,2395.0,2390.0,2395.0,662835,-50.0,25.0,25.0,37.54441080242421,39.30373512246641,34.0257621623398,-100.0,16.666666666666664,20.833333333333336,13.583054045933906,50.0,8.333333333333336,4.166666666666664,20.442708116405896,UP,UP,UP,UP,3,3/3,-0.6263048016701411,-0.8350730688935326,-1.043841336116913,-1.043841336116913
2026-08-06 11:46:41,historical_backfill,2330.TW,2026-08-06 09:00,2026-08-06 09:05,2395.0,2395.0,2370.0,2380.0,0,-66.66666666666666,25.0,25.0,36.14071831272725,38.249396185886695,31.923362566408372,-50.0,25.0,25.0,34.0257621623398,-16.666666666666657,0.0,0.0,-2.1023995959314306,DOWN,FLAT,FLAT,DOWN,0,0/3,0.0,0.0,-0.21008403361344463,-0.42016806722688926
2026-08-06 11:46:41,historical_backfill,2330.TW,2026-08-06 09:05,2026-08-06 09:10,2380.0,2385.0,2375.0,2380.0,732000,-66.66666666666666,25.0,25.0,35.20492331959594,37.23457189712311,31.14562616454161,-66.66666666666666,25.0,25.0,31.923362566408372,0.0,0.0,0.0,-0.7777364018667612,FLAT,FLAT,FLAT,DOWN,0,0/3,-0.21008403361344463,-0.21008403361344463,-0.42016806722688926,-0.42016806722688926
2026-08-06 11:46:41,historical_backfill,2330.TW,2026-08-06 09:10,2026-08-06 09:15,2385.0,2385.0,2370.0,2375.0,611605,-83.33333333333334,16.666666666666664,25.0,29.025504435286184,34.4982160765108,18.080081152836954,-66.66666666666666,25.0,25.0,31.14562616454161,-16.666666666666686,-8.333333333333336,0.0,-13.065545011704657,DOWN,DOWN,FLAT,DOWN,0,0/3,0.21052631578948322,-0.21052631578947212,-0.21052631578947212,0.0
2026-08-06 11:46:41,historical_backfill,2330.TW,2026-08-06 09:15,2026-08-06 09:20,2380.0,2380.0,2375.0,2380.0,122638,-60.0,25.0,25.0,30.4614474013019,33.15262651810783,25.079089167690043,-83.33333333333334,16.666666666666664,25.0,18.080081152836954,23.333333333333343,8.333333333333336,0.0,6.999008014853089,UP,UP,FLAT,UP,3,3/3,-0.21008403361344463,-0.21008403361344463,-0.42016806722688926,-0.6302521008403339
2026-08-06 11:46:41,historical_backfill,2330.TW,2026-08-06 09:20,2026-08-06 09:25,2380.0,2380.0,2370.0,2375.0,941858,-80.0,25.0,25.0,25.86318715642349,30.722813397546386,16.143934674177693,-60.0,25.0,25.0,25.079089167690043,-20.0,0.0,0.0,-8.93515449351235,DOWN,FLAT,FLAT,DOWN,0,0/3,-0.21052631578947212,-0.21052631578947212,-0.42105263157894424,-0.21052631578947212
2026-08-06 11:46:41,historical_backfill,2330.TW,2026-08-06 09:25,2026-08-06 09:30,2375.0,2375.0,2370.0,2370.0,310666,-100.0,25.0,25.0,17.242124770948994,26.229250522013924,-0.7321267311808626,-80.0,25.0,25.0,16.143934674177693,-20.0,0.0,0.0,-16.876061405358556,DOWN,FLAT,FLAT,DOWN,0,0/3,0.21097046413502962,0.0,0.0,-0.21097046413501852
2026-08-06 11:46:41,historical_backfill,2330.TW,2026-08-06 09:30,2026-08-06 09:35,2375.0,2375.0,2370.0,2375.0,209031,-66.66666666666666,25.0,25.0,17.050305402854885,23.16960214896091,4.811711910642835,-100.0,25.0,25.0,-0.7321267311808626,33.33333333333334,0.0,0.0,5.543838641823697,UP,FLAT,FLAT,UP,2,2/3,-0.21052631578947212,-0.21052631578947212,-0.21052631578947212,-0.42105263157894424
2026-08-06 11:46:41,historical_backfill,2330.TW,2026-08-06 09:35,2026-08-06 09:40,2375.0,2375.0,2370.0,2370.0,533843,-100.0,25.0,25.0,11.366870268569924,19.23535818883058,-4.370105571951392,-66.66666666666666,25.0,25.0,4.811711910642835,-33.33333333333334,0.0,0.0,-9.181817482594226,DOWN,FLAT,FLAT,DOWN,0,0/3,0.0,-0.21097046413501852,0.0,0.0
2026-08-06 11:46:41,historical_backfill,2330.TW,2026-08-06 09:40,2026-08-06 09:45,2370.0,2370.0,2365.0,2370.0,827700,-66.66666666666666,25.0,25.0,13.133469067935502,17.20139514853222,4.997616906742067,-100.0,25.0,25.0,-4.370105571951392,33.33333333333334,0.0,0.0,9.367722478693459,UP,FLAT,FLAT,UP,2,2/3,0.0,0.0,0.21097046413502962,0.0
2026-08-06 11:46:41,historical_backfill,2330.TW,2026-08-06 09:45,2026-08-06 09:50,2370.0,2370.0,2365.0,2370.0,215497,-50.0,25.0,20.833333333333336,17.088979378623666,17.163923225229368,16.939091685412265,-66.66666666666666,25.0,25.0,4.997616906742067,16.666666666666657,0.0,-4.166666666666664,11.941474778670198,UP,FLAT,DOWN,UP,2,2/3,-0.21097046413501852,0.0,-0.21097046413501852,0.21097046413502962
2026-08-06 11:46:41,historical_backfill,2330.TW,2026-08-06 09:50,2026-08-06 09:55,2370.0,2375.0,2365.0,2365.0,400907,-100.0,25.0,20.833333333333336,11.392652919082444,15.240166456513727,3.6976258442198784,-50.0,25.0,20.833333333333336,16.939091685412265,-50.0,0.0,0.0,-13.241465841192387,DOWN,FLAT,FLAT,DOWN,0,0/3,0.21141649048626032,0.21141649048626032,0.21141649048626032,0.634249471458781
2026-08-06 11:46:41,historical_backfill,2330.TW,2026-08-06 09:55,2026-08-06 10:00,2370.0,2370.0,2360.0,2370.0,377717,-33.33333333333333,25.0,25.0,24.261768612721628,18.247367175249693,36.2905714876655,-100.0,25.0,20.833333333333336,3.6976258442198784,66.66666666666667,0.0,4.166666666666664,32.592945643445624,UP,FLAT,UP,UP,2,2/3,0.0,0.21097046413502962,-0.21097046413501852,0.42194092827003704
2026-08-06 11:46:41,historical_backfill,2330.TW,2026-08-06 10:00,2026-08-06 10:05,2370.0,2375.0,2365.0,2370.0,274528,-33.33333333333333,25.0,25.0,32.84117907514775,23.11197114188238,52.29959494167849,-33.33333333333333,25.0,25.0,36.2905714876655,0.0,0.0,0.0,16.00902345401299,FLAT,FLAT,FLAT,UP,1,1/3,0.0,-0.21097046413501852,-0.21097046413501852,0.42194092827003704
2026-08-06 11:46:41,historical_backfill,2330.TW,2026-08-06 10:05,2026-08-06 10:10,2370.0,2375.0,2370.0,2370.0,389097,-33.33333333333333,25.0,25.0,44.11634160565405,30.1134279631396,72.12216889068296,-33.33333333333333,25.0,25.0,52.29959494167849,0.0,0.0,0.0,19.822573949004465,FLAT,FLAT,FLAT,UP,1,1/3,0.21097046413502962,0.0,0.0,0.0
2026-08-06 11:46:41,historical_backfill,2330.TW,2026-08-06 10:10,2026-08-06 10:15,2370.0,2375.0,2365.0,2375.0,236140,-0.0,33.33333333333333,25.0,62.7442277371027,40.9903612211273,106.25196076905348,-33.33333333333333,25.0,25.0,72.12216889068296,33.33333333333333,8.333333333333329,0.0,34.129791878370526,UP,UP,FLAT,UP,3,3/3,-0.42105263157894424,-0.42105263157894424,-0.21052631578947212,0.0
2026-08-06 11:46:41,historical_backfill,2330.TW,2026-08-06 10:15,2026-08-06 10:20,2375.0,2375.0,2365.0,2365.0,480513,-66.66666666666666,25.0,25.0,52.94059626917957,44.97377290381139,68.87424299991595,-0.0,33.33333333333333,25.0,106.25196076905348,-66.66666666666666,-8.333333333333329,0.0,-37.37771776913753,DOWN,DOWN,FLAT,DOWN,0,0/3,0.21141649048626032,0.0,0.42283298097252064,0.42283298097252064
2026-08-06 11:46:41,historical_backfill,2330.TW,2026-08-06 10:20,2026-08-06 10:25,2365.0,2370.0,2365.0,2370.0,355161,-50.0,33.33333333333333,29.166666666666668,57.515953068341936,49.15449962532157,74.23885995438268,-66.66666666666666,25.0,25.0,68.87424299991595,16.666666666666657,8.333333333333329,4.166666666666668,5.364616954466726,UP,UP,UP,UP,3,3/3,-0.21097046413501852,0.0,0.42194092827003704,0.0
2026-08-06 11:46:41,historical_backfill,2330.TW,2026-08-06 10:25,2026-08-06 10:30,2370.0,2370.0,2365.0,2365.0,251218,-100.0,33.33333333333333,29.166666666666668,49.45507982333907,49.25469302466073,49.85585342069574,-50.0,33.33333333333333,29.166666666666668,74.23885995438268,-50.0,0.0,0.0,-24.383006533686938,DOWN,FLAT,FLAT,DOWN,0,0/3,0.0,0.21141649048626032,0.634249471458781,0.21141649048626032
2026-08-06 11:46:41,historical_backfill,2330.TW,2026-08-06 10:30,2026-08-06 10:35,2370.0,2370.0,2365.0,2365.0,233778,-100.0,25.0,25.0,44.08116432667049,47.53018345866398,37.18312606268351,-100.0,33.33333333333333,29.166666666666668,49.85585342069574,0.0,-8.333333333333329,-4.166666666666668,-12.672727358012224,FLAT,DOWN,DOWN,DOWN,0,0/3,0.21141649048626032,0.42283298097252064,0.634249471458781,0.0
2026-08-06 11:46:41,historical_backfill,2330.TW,2026-08-06 10:35,2026-08-06 10:40,2370.0,2375.0,2365.0,2370.0,411109,-50.0,33.33333333333333,29.166666666666668,51.60966510666921,48.890010674665724,57.04897397067619,-100.0,25.0,25.0,37.18312606268351,50.0,8.333333333333329,4.166666666666668,19.865847907992674,UP,UP,UP,UP,3,3/3,0.0,0.42194092827003704,0.0,0.0
2026-08-06 11:46:41,historical_backfill,2330.TW,2026-08-06 10:40,2026-08-06 10:45,2375.0,2375.0,2370.0,2370.0,140858,-50.0,33.33333333333333,29.166666666666668,51.07311007111281,49.61771047348142,53.98390926637559,-50.0,33.33333333333333,29.166666666666668,57.04897397067619,0.0,0.0,0.0,-3.065064704300596,FLAT,FLAT,FLAT,DOWN,0,0/3,0.21097046413502962,0.42194092827003704,0.21097046413502962,0.0
2026-08-06 11:46:41,historical_backfill,2330.TW,2026-08-06 10:45,2026-08-06 10:50,2370.0,2380.0,2370.0,2375.0,566276,-33.33333333333333,41.66666666666667,33.33333333333333,56.27096226963076,51.83546107219786,65.14196466449656,-50.0,33.33333333333333,29.166666666666668,53.98390926637559,16.66666666666667,8.333333333333343,4.166666666666661,11.158055398120965,UP,UP,UP,UP,3,3/3,0.21052631578948322,0.21052631578948322,0.0,-0.21052631578947212
2026-08-06 11:46:41,historical_backfill,2330.TW,2026-08-06 10:50,2026-08-06 10:55,2375.0,2380.0,2370.0,2380.0,136646,-0.0,50.0,37.5,70.84730817975384,58.17274344138318,96.19643765649515,-33.33333333333333,41.66666666666667,33.33333333333333,65.14196466449656,33.33333333333333,8.333333333333329,4.166666666666671,31.054472991998594,UP,UP,UP,UP,3,3/3,0.0,-0.42016806722688926,-0.42016806722688926,-0.6302521008403339
2026-08-06 11:46:41,historical_backfill,2330.TW,2026-08-06 10:55,2026-08-06 11:00,2375.0,2380.0,2375.0,2380.0,173891,-0.0,41.66666666666667,33.33333333333333,80.5648721198359,65.63678633420075,110.42104369110618,-0.0,50.0,37.5,96.19643765649515,0.0,-8.333333333333329,-4.166666666666671,14.224606034611028,FLAT,DOWN,DOWN,UP,1,1/3,0.0,-0.21008403361344463,-0.42016806722688926,-0.42016806722688926
2026-08-06 11:46:41,historical_backfill,2330.TW,2026-08-06 11:00,2026-08-06 11:05,2375.0,2380.0,2375.0,2380.0,267045,-0.0,41.66666666666667,33.33333333333333,87.0432480798906,72.77227358276404,115.58519707414374,-0.0,41.66666666666667,33.33333333333333,110.42104369110618,0.0,0.0,0.0,5.164153383037558,FLAT,FLAT,FLAT,UP,1,1/3,-0.42016806722688926,-0.21008403361344463,-0.6302521008403339,-0.6302521008403339
2026-08-06 11:46:41,historical_backfill,2330.TW,2026-08-06 11:05,2026-08-06 11:10,2375.0,2380.0,2370.0,2370.0,389112,-100.0,41.66666666666667,33.33333333333333,69.13994316437152,71.5614967766332,64.29683593984814,-0.0,41.66666666666667,33.33333333333333,115.58519707414374,-100.0,0.0,0.0,-51.2883611342956,DOWN,FLAT,FLAT,DOWN,0,0/3,0.21097046413502962,0.0,0.0,0.0
2026-08-06 11:46:41,historical_backfill,2330.TW,2026-08-06 11:10,2026-08-06 11:15,2370.0,2375.0,2370.0,2375.0,178086,-50.0,41.66666666666667,37.5,68.31551766513657,70.47950373946766,63.9875455164744,-100.0,41.66666666666667,33.33333333333333,64.29683593984814,50.0,0.0,4.166666666666671,-0.3092904233737386,UP,FLAT,UP,DOWN,1,1/3,0.0,-0.21052631578947212,-0.21052631578947212,-0.42105263157894424
2026-08-06 11:46:41,historical_backfill,2330.TW,2026-08-06 11:15,2026-08-06 11:20,2375.0,2375.0,2370.0,2375.0,92367,-50.0,41.66666666666667,33.33333333333333,67.7659006656466,69.57496938152731,64.14776323388517,-50.0,41.66666666666667,37.5,63.9875455164744,0.0,0.0,-4.166666666666671,0.16021771741077373,FLAT,FLAT,DOWN,UP,1,1/3,-0.21052631578947212,-0.42105263157894424,-0.21052631578947212,-0.21052631578947212
2026-08-06 11:46:41,historical_backfill,2330.TW,2026-08-06 11:20,2026-08-06 11:25,2370.0,2375.0,2370.0,2370.0,91646,-100.0,33.33333333333333,33.33333333333333,45.17726711043107,61.442401957828565,12.646997415636065,-50.0,41.66666666666667,33.33333333333333,64.14776323388517,-50.0,-8.333333333333343,0.0,-51.50076581824911,DOWN,DOWN,FLAT,DOWN,0,0/3,0.0,0.0,-0.21097046413501852,0.21097046413502962
2026-08-06 11:46:41,historical_backfill,2330.TW,2026-08-06 11:25,2026-08-06 11:30,2370.0,2375.0,2370.0,2370.0,425090,-100.0,33.33333333333333,33.33333333333333,30.11817807362071,51.00099399642594,-11.647453771989746,-100.0,33.33333333333333,33.33333333333333,12.646997415636065,0.0,0.0,0.0,-24.29445118762581,FLAT,FLAT,FLAT,DOWN,0,0/3,-0.21097046413501852,0.0,0.0,0.21097046413502962
2026-08-06 11:46:41,historical_backfill,2330.TW,2026-08-06 11:30,2026-08-06 11:35,2370.0,2375.0,2365.0,2365.0,316754,-100.0,33.33333333333333,29.166666666666668,20.07878538241381,40.69359112508857,-21.15082610293571,-100.0,33.33333333333333,33.33333333333333,-11.647453771989746,0.0,0.0,-4.166666666666661,-9.503372330945965,FLAT,FLAT,DOWN,DOWN,0,0/3,0.21141649048626032,0.21141649048626032,0.0,0.21141649048626032
2026-08-06 11:46:41,historical_backfill,2330.TW,2026-08-06 11:35,2026-08-06 11:40,2370.0,2370.0,2365.0,2370.0,318224,-50.0,33.33333333333333,33.33333333333333,24.496968032720314,35.29471676096582,2.9014705762293005,-100.0,33.33333333333333,29.166666666666668,-21.15082610293571,50.0,0.0,4.166666666666661,24.05229667916501,UP,FLAT,UP,UP,2,2/3,0.0,-0.21097046413501852,0.0,0.0
2026-08-06 11:46:41,historical_backfill,2330.TW,2026-08-06 11:40,2026-08-06 11:45,2365.0,2370.0,2365.0,2370.0,120483,-50.0,33.33333333333333,33.33333333333333,27.44242313292465,32.67728555161876,16.972698295536432,-50.0,33.33333333333333,33.33333333333333,2.9014705762293005,0.0,0.0,0.0,14.071227719307132,FLAT,FLAT,FLAT,UP,1,1/3,0.0,0.0,-0.21097046413501852,0.21097046413502962
2026-08-06 11:46:41,historical_backfill,2330.TW,2026-08-06 11:45,2026-08-06 11:50,2365.0,2370.0,2365.0,2370.0,293797,-50.0,25.0,33.33333333333333,29.406059866394212,31.586876989877243,25.044425619428146,-50.0,33.33333333333333,33.33333333333333,16.972698295536432,0.0,-8.333333333333329,0.0,8.071727323891714,FLAT,DOWN,FLAT,UP,1,1/3,-0.21097046413501852,-0.21097046413501852,0.0,0.21097046413502962
2026-08-06 11:46:41,historical_backfill,2330.TW,2026-08-06 11:50,2026-08-06 11:55,2370.0,2370.0,2365.0,2365.0,151956,-100.0,16.666666666666664,33.33333333333333,19.604039910929476,27.59259796356132,3.6269238056657898,-50.0,25.0,33.33333333333333,25.044425619428146,-50.0,-8.333333333333336,0.0,-21.417501813762357,DOWN,DOWN,FLAT,DOWN,0,0/3,0.21141649048626032,0.21141649048626032,0.42283298097252064,0.21141649048626032
2026-08-06 11:46:41,historical_backfill,2330.TW,2026-08-06 11:55,2026-08-06 12:00,2370.0,2370.0,2365.0,2370.0,165502,-0.0,25.0,33.33333333333333,29.736026607286316,28.307074178136318,32.59393146558631,-100.0,16.666666666666664,33.33333333333333,3.6269238056657898,100.0,8.333333333333336,0.0,28.96700765992052,UP,UP,FLAT,UP,3,3/3,-0.21097046413501852,-0.21097046413501852,0.21097046413502962,0.0
2026-08-06 11:46:41,historical_backfill,2330.TW,2026-08-06 12:00,2026-08-06 12:05,2365.0,2370.0,2365.0,2365.0,137385,-100.0,25.0,33.33333333333333,19.82401773819088,25.479388698154505,8.51327581826363,-0.0,25.0,33.33333333333333,32.59393146558631,-100.0,0.0,0.0,-24.08065564732268,DOWN,FLAT,FLAT,DOWN,0,0/3,0.21141649048626032,0.21141649048626032,0.21141649048626032,0.21141649048626032
2026-08-06 11:46:41,historical_backfill,2330.TW,2026-08-06 12:05,2026-08-06 12:10,2370.0,2370.0,2365.0,2370.0,232389,-0.0,33.33333333333333,37.5,29.88267849212725,26.947151962812086,35.75373155075758,-100.0,25.0,33.33333333333333,8.51327581826363,100.0,8.333333333333329,4.166666666666671,27.24045573249395,UP,UP,UP,UP,3,3/3,-0.21097046413501852,0.21097046413502962,0.0,0.21097046413502962
2026-08-06 11:46:41,historical_backfill,2330.TW,2026-08-06 12:10,2026-08-06 12:15,2365.0,2370.0,2365.0,2365.0,210174,-100.0,25.0,33.33333333333333,19.921785661418166,24.60536319568078,10.554630592892934,-0.0,33.33333333333333,37.5,35.75373155075758,-100.0,-8.333333333333329,-4.166666666666671,-25.199100957864644,DOWN,DOWN,DOWN,DOWN,0,0/3,0.21141649048626032,0.42283298097252064,0.42283298097252064,0.42283298097252064
2026-08-06 11:46:41,historical_backfill,2330.TW,2026-08-06 12:15,2026-08-06 12:20,2370.0,2370.0,2365.0,2370.0,167074,-0.0,33.33333333333333,37.5,46.61452377427878,31.941750055213447,75.96007121240945,-100.0,25.0,33.33333333333333,10.554630592892934,100.0,8.333333333333329,4.166666666666671,65.40544061951651,UP,UP,UP,UP,3,3/3,0.21097046413502962,0.0,0.21097046413502962,0.0
2026-08-06 11:46:41,historical_backfill,2330.TW,2026-08-06 12:20,2026-08-06 12:25,2370.0,2375.0,2365.0,2375.0,312581,-0.0,41.66666666666667,37.5,64.40968251618585,42.76439420887092,107.70025913081572,-0.0,33.33333333333333,37.5,75.96007121240945,0.0,8.333333333333343,0.0,31.740187918406278,FLAT,UP,FLAT,UP,2,2/3,0.0,-0.21052631578947212,-0.21052631578947212,0.0
2026-08-06 11:46:41,historical_backfill,2330.TW,2026-08-06 12:25,2026-08-06 12:30,2370.0,2375.0,2370.0,2375.0,118113,-0.0,41.66666666666667,37.5,76.27312167745724,53.933970031733026,120.95142496890566,-0.0,41.66666666666667,37.5,107.70025913081572,0.0,0.0,0.0,13.251165838089932,FLAT,FLAT,FLAT,UP,1,1/3,-0.21052631578947212,0.0,-0.21052631578947212,
2026-08-06 11:46:41,historical_backfill,2330.TW,2026-08-06 12:30,2026-08-06 12:35,2375.0,2375.0,2370.0,2370.0,112886,-50.0,41.66666666666667,37.5,67.51541445163816,58.4611181717014,85.62400701151171,-0.0,41.66666666666667,37.5,120.95142496890566,-50.0,0.0,0.0,-35.32741795739395,DOWN,FLAT,FLAT,DOWN,0,0/3,0.0,0.21097046413502962,0.0,
2026-08-06 11:46:41,historical_backfill,2330.TW,2026-08-06 12:35,2026-08-06 12:40,2370.0,2375.0,2370.0,2370.0,107619,-50.0,33.33333333333333,33.33333333333333,61.67694296775878,59.53305977038719,65.96470936250195,-50.0,41.66666666666667,37.5,85.62400701151171,0.0,-8.333333333333343,-4.166666666666671,-19.65929764900976,FLAT,DOWN,DOWN,DOWN,0,0/3,0.21097046413502962,0.0,0.21097046413502962,
2026-08-06 11:46:41,historical_backfill,2330.TW,2026-08-06 12:40,2026-08-06 12:45,2375.0,2375.0,2370.0,2375.0,149871,-0.0,41.66666666666667,37.5,74.45129531183919,64.5058049508712,94.34227603377516,-50.0,33.33333333333333,33.33333333333333,65.96470936250195,50.0,8.333333333333343,4.166666666666671,28.377566671273215,UP,UP,UP,UP,3,3/3,0.0,-0.21052631578947212,0.0,
2026-08-06 11:46:41,historical_backfill,2330.TW,2026-08-06 12:45,2026-08-06 12:50,2375.0,2375.0,2370.0,2375.0,161987,-0.0,41.66666666666667,33.33333333333333,82.96753020789279,70.65971336987839,107.5831638839216,-0.0,41.66666666666667,37.5,94.34227603377516,0.0,0.0,-4.166666666666671,13.240887850146436,FLAT,FLAT,DOWN,UP,1,1/3,-0.21052631578947212,-0.21052631578947212,-0.21052631578947212,
2026-08-06 11:46:41,historical_backfill,2330.TW,2026-08-06 12:50,2026-08-06 12:55,2375.0,2375.0,2370.0,2370.0,166320,-100.0,41.66666666666667,29.166666666666668,71.97835347192853,71.09926007056177,73.73654027466205,-0.0,41.66666666666667,33.33333333333333,107.5831638839216,-100.0,0.0,-4.166666666666661,-33.84662360925955,DOWN,FLAT,DOWN,DOWN,0,0/3,0.0,0.21097046413502962,0.21097046413502962,
2026-08-06 11:46:41,historical_backfill,2330.TW,2026-08-06 12:55,2026-08-06 13:00,2375.0,2375.0,2370.0,2370.0,257908,-100.0,33.33333333333333,29.166666666666668,64.65223564795235,68.95025192969196,56.05620308447314,-100.0,41.66666666666667,29.166666666666668,73.73654027466205,0.0,-8.333333333333343,0.0,-17.680337190188908,FLAT,DOWN,FLAT,DOWN,0,0/3,0.0,0.21097046413502962,,
2026-08-06 11:46:41,historical_backfill,2330.TW,2026-08-06 13:00,2026-08-06 13:05,2375.0,2375.0,2370.0,2370.0,568159,-100.0,33.33333333333333,29.166666666666668,59.7681570986349,65.88955365267294,47.525363990558816,-100.0,33.33333333333333,29.166666666666668,56.05620308447314,0.0,0.0,0.0,-8.530839093914324,FLAT,FLAT,FLAT,DOWN,0,0/3,0.21097046413502962,0.0,,
2026-08-06 11:46:41,historical_backfill,2330.TW,2026-08-06 13:05,2026-08-06 13:10,2375.0,2380.0,2370.0,2375.0,466498,-50.0,33.33333333333333,33.33333333333333,56.51210473242327,62.763737345923055,44.008839505423694,-100.0,33.33333333333333,29.166666666666668,47.525363990558816,50.0,0.0,4.166666666666661,-3.516524485135122,UP,FLAT,UP,DOWN,1,1/3,0.0,0.0,,
2026-08-06 11:46:41,historical_backfill,2330.TW,2026-08-06 13:10,2026-08-06 13:15,2380.0,2380.0,2375.0,2375.0,146560,-50.0,33.33333333333333,29.166666666666668,54.34140315494884,59.95629261559832,43.11162423364989,-50.0,33.33333333333333,33.33333333333333,44.008839505423694,0.0,0.0,-4.166666666666661,-0.8972152717738027,FLAT,FLAT,DOWN,DOWN,0,0/3,-0.21052631578947212,,,
2026-08-06 11:46:41,historical_backfill,2330.TW,2026-08-06 13:15,2026-08-06 13:20,2375.0,2380.0,2370.0,2370.0,435220,-100.0,25.0,29.166666666666668,36.227602103299226,52.04672911149862,4.589348086900429,-50.0,33.33333333333333,29.166666666666668,43.11162423364989,-50.0,-8.333333333333329,0.0,-38.52227614674946,DOWN,DOWN,FLAT,DOWN,0,0/3,0.21097046413502962,,,
2026-08-06 11:46:41,historical_backfill,2330.TW,2026-08-06 13:20,2026-08-06 13:25,2375.0,2375.0,2370.0,2375.0,502207,-50.0,25.0,33.33333333333333,40.818401402199484,48.3039532083989,25.84729778980065,-100.0,25.0,29.166666666666668,4.589348086900429,50.0,0.0,4.166666666666661,21.25794970290022,UP,FLAT,UP,UP,2,2/3,,,,
